-- phpMyAdmin SQL Dump
-- version 4.7.9
-- https://www.phpmyadmin.net/
--
-- Host: 127.0.0.1
-- Generation Time: May 18, 2018 at 12:30 PM
-- Server version: 10.1.31-MariaDB
-- PHP Version: 5.6.34

SET SQL_MODE = "NO_AUTO_VALUE_ON_ZERO";
SET AUTOCOMMIT = 0;
START TRANSACTION;
SET time_zone = "+00:00";


/*!40101 SET @OLD_CHARACTER_SET_CLIENT=@@CHARACTER_SET_CLIENT */;
/*!40101 SET @OLD_CHARACTER_SET_RESULTS=@@CHARACTER_SET_RESULTS */;
/*!40101 SET @OLD_COLLATION_CONNECTION=@@COLLATION_CONNECTION */;
/*!40101 SET NAMES utf8mb4 */;

--
-- Database: `cruise_excursion`
--

-- --------------------------------------------------------

--
-- Table structure for table `booking`
--
CREATE DATABASE cruise_excursion;
CREATE TABLE `booking` (
  `Booking_ID` int(11) NOT NULL,
  `Username` varchar(25) NOT NULL,
  `Excursion_ID` varchar(25) DEFAULT NULL,
  `Number_of_Seats` int(11) DEFAULT NULL,
  `Date_and_Time` timestamp NOT NULL DEFAULT CURRENT_TIMESTAMP ON UPDATE CURRENT_TIMESTAMP,
  `Status` varchar(25) NOT NULL
) ENGINE=InnoDB DEFAULT CHARSET=latin1;

--
-- Dumping data for table `booking`
--

INSERT INTO `booking` (`Booking_ID`, `Username`, `Excursion_ID`, `Number_of_Seats`, `Date_and_Time`, `Status`) VALUES
(9, 'dhruba', '994763', 20, '2018-05-17 15:31:16', 'cancelled'),
(10, 'amrit', '994763', 12, '2018-05-17 15:30:28', 'cancelled'),
(11, 'dhruba', '994763', 20, '2018-05-17 15:32:27', 'cancelled'),
(12, 'dhruba', '994764', 2, '2018-05-17 16:07:31', 'booked'),
(13, 'amrit', '994764', 12, '2018-05-17 16:16:46', 'cancelled'),
(14, 'dhruba', '993903', 25, '2018-05-17 16:22:04', 'cancelled'),
(15, 'amrit', '993903', 1, '2018-05-17 16:33:21', 'booked'),
(16, 'dhruba', '983133', 25, '2018-05-17 16:38:32', 'cancelled'),
(17, 'amrit', '983133', 7, '2018-05-17 16:39:44', 'cancelled'),
(18, 'dhruba', '995927', 25, '2018-05-17 16:42:05', 'cancelled'),
(19, 'amrit', '995927', 7, '2018-05-17 16:42:53', 'cancelled'),
(20, 'chaps', '994763', 4, '2018-05-18 02:04:17', 'booked'),
(21, 'rajan1', '995927', 10, '2018-05-18 02:18:35', 'booked'),
(22, 'rajan', '995927', 22, '2018-05-18 02:19:02', 'booked'),
(23, 'samir', '994763', 20, '2018-05-18 02:19:51', 'booked');

-- --------------------------------------------------------

--
-- Table structure for table `customers`
--

CREATE TABLE `customers` (
  `FirstName` varchar(25) NOT NULL,
  `LastName` varchar(25) NOT NULL,
  `Username` varchar(25) NOT NULL,
  `Email` varchar(25) NOT NULL,
  `Password` varchar(25) NOT NULL,
  `Cabin_Number` varchar(25) NOT NULL
) ENGINE=InnoDB DEFAULT CHARSET=latin1;

--
-- Dumping data for table `customers`
--

INSERT INTO `customers` (`FirstName`, `LastName`, `Username`, `Email`, `Password`, `Cabin_Number`) VALUES
('Admin', 'Admin', 'admin', 'admin@gmail.com', 'admin', 'admin'),
('Amrit', 'Sharma', 'amrit', 'amrit@gmail.com', 'amrit', 'A2'),
('saroj', 'chapagain', 'chaps', 'chaps@gmail.com', '12345678', 'a1'),
('Dhruba', 'Karki', 'dhruba', 'dhruba@gmail.com', 'dhruba', 'A1'),
('Rajan', 'Parajuli', 'rajan', 'rajan@gmail.com', 'rajan123', 'A3'),
('Rajan', 'Dangi', 'rajan1', 'rajan1@gmail.com', 'rajan123', 'A4'),
('Rasbin', 'Kunwar', 'rasbin', 'rasbin@gmail.com', 'rasbin123', 'A2'),
('Rojan', 'Maharjan', 'rojan', 'rojan@gmail.com', 'rojan123', 'A2'),
('Samir', 'Thapa', 'samir', 'samir@gmail.com', 'samir123', 'A1');

-- --------------------------------------------------------

--
-- Table structure for table `excursion`
--

CREATE TABLE `excursion` (
  `Excursion_ID` int(11) NOT NULL,
  `Port_ID` varchar(25) NOT NULL,
  `Name` varchar(35) NOT NULL,
  `Available_Seats` int(11) NOT NULL
) ENGINE=InnoDB DEFAULT CHARSET=latin1;

--
-- Dumping data for table `excursion`
--

INSERT INTO `excursion` (`Excursion_ID`, `Port_ID`, `Name`, `Available_Seats`) VALUES
(994763, 'CL0405', 'STINGRAY CITY SANDBAR & BEACH BREAK', 8),
(994764, 'CL0405', 'TURTLES & STINGRAYS LAND & SEA ADVE', 30),
(994765, 'CL0405', 'STINGRAY CITY & BARRIER REEF TWO ST', 32),
(994766, 'CL0405', 'CAYMAN CULTURAL EXPRESS', 32),
(994767, 'CL0405', 'TIKI BEACH GETAWAY', 32),
(994768, 'CL0405', '4X4 ADVENTURE', 32),
(994769, 'CL0405', 'GLASS BOTTOM BOAT & ISLAND TOUR', 32),
(994770, 'CL0405', 'PARASAIL ADVENTURE', 32),
(994771, 'CL0405', 'NORTH WALL & STINGRAY CITY CERTIFIE', 32),
(994772, 'CL0405', 'DISCOVER SCUBA DIVE', 32),
(987316, 'CL0405', 'GEORGETOWN BIKE TOUR', 32),
(987604, 'CL0405', 'ATLANTIS SUBMARINE', 32),
(987605, 'CL0405', 'TWO TANK CERTIFIED DIVE', 32),
(975197, 'CL0405', 'STINGRAY CITY SANDBAR WITH LUNCH', 32),
(995927, '2266', 'CHARMING OLD RIGA', 0),
(996020, '2266', 'HIGHLIGHTS OF RIGA - EASY ON THE LE', 32),
(996021, '2266', 'ETHNOGRAPHIC OPEN AIR MUSEUM - HIST', 32),
(986331, '2266', 'RIGA BY RETRO TRAM & FOOT', 32),
(986332, '2266', 'RIGA BY SEGWAY', 32),
(989279, '2266', 'RELAXING RIGA & TEA', 32),
(982166, '2266', 'RIGA BIKE TOUR', 32),
(983133, '2050', 'IBIZA BIKE TOUR', 32),
(991366, '2050', 'TASTE OF IBIZA', 32),
(991499, '2050', 'TREASURES OF IBIZA', 32),
(992493, '2050', 'BEACH TRANSFER', 32),
(992932, '2050', 'DISCOVER THE SOUTH', 32),
(970723, '2050', 'ISLAND TOUR', 32),
(970724, '2050', 'ADVENTURE IN AGUAMAR', 32),
(974983, '2101', 'ANCIENT TEMPLES OF KOH SAMUI', 32),
(974984, '2101', 'LANDMARKS OF KOH SAMUI', 32),
(974985, '2101', 'CHAWENG BEACH ON YOUR OWN', 32),
(974986, '2101', 'DAY AT A BEACHFRONT HOTEL', 32),
(974987, '2101', 'ANG THONG MARINE PARK BY SPEEDBOAT', 32),
(974988, '2101', 'KOH SAMUIS SANDS AND SPIRITUAL SITE', 32),
(975126, '2101', 'KOH SAMUI BY 4X4', 32),
(994281, '719', 'SEGWAY ADVENTURE', 32),
(994282, '719', 'BARBADOS AND BEACH', 32),
(994283, '719', 'MONKEY ENCOUNTER', 32),
(994741, '719', 'CARLISLE BEACH BREAK', 32),
(994742, '719', 'BARBADOS 4X4', 32),
(994743, '719', 'FAREWELL BARBADOS', 32),
(994744, '719', 'SUNSET CHAMPAGNE CRUISE', 32),
(999038, '719', 'BARBADOS BIKE TOUR', 32),
(999046, '719', 'ISLAND 4X4 SAFARI', 32),
(999059, '719', 'BEST OF BARBADOS', 32),
(986358, '719', 'SEGWAY & BEACH', 32),
(986359, '719', 'JOLLY ROGER PIRATE CRUISE', 32),
(991864, '719', 'CONCORDE MUSEUM', 32),
(991874, '719', 'ATLANTIS SUBMARINE', 32),
(991875, '719', 'COAST TO COAST', 32),
(991877, '719', 'BACK TO NATURE', 32),
(991889, '719', 'TURTLE ENCOUNTER', 32),
(991890, '719', 'CRICKET LEGENDS', 32),
(991903, '719', 'HARRISONS CAVE', 32),
(989409, '719', 'BEACH HOP ISLAND STYLE', 32),
(972475, '719', '4X4 SAFARI AND SHIPWRECK SNORKEL', 32),
(970149, '719', 'LIVE LIKE A LOCAL', 32),
(987285, '804', 'CHANIA BIKE TOUR', 32),
(987759, '804', 'OMALOS PLATEAU', 32),
(987760, '804', 'MONASTERY OF AGIA TRIADA & CHANIA', 32),
(987761, '804', 'ARCADI MONASTERY & RETHYMNON TOWN', 32),
(990815, '804', 'SANTOIRINI (CHANIA)', 32),
(971665, '804', 'FUN AT THE WATERPARK', 32),
(993903, '13', 'SUN & RUM', 7),
(993904, '13', 'HIGHLIGHTS OF ANTIGUA', 32),
(993905, '13', 'ANTIGUA 4X4 ADVENTURE & BEACH', 32),
(993906, '13', 'SWIM WITH STINGRAYS', 32),
(993907, '13', 'ANTIGUA BY SEA', 32),
(993908, '13', 'KAYAK & SNORKEL ADVENTURE', 32),
(993909, '13', 'ANTIGUA CANOPY ADVENTURE', 32),
(993910, '13', 'ANTIGUA BY HELICOPTER', 32),
(993978, '13', 'MONTSERRAT FLIGHTSEEING', 32),
(993979, '13', 'CRICKET LEGENDS', 32),
(994298, '13', 'CATAMARAN SAILAWAY - SHIPWRECK & BE', 32),
(994833, '13', 'CATAMARAN CRUISE & LOBSTER LUNCH', 32),
(995823, '13', 'HORSEBACK TREKKING', 32),
(995824, '13', 'ANTIGUA CRUSOE ISLAND', 32),
(996093, '13', 'ANTIGUA BIKE TOUR', 32),
(982462, '13', 'SUNSET CRUISE', 32),
(988162, '13', 'ST JOHNS WALKING TOUR', 32),
(972461, '13', 'ANTIGUAN LEGENDS OF CRICKET', 32),
(972462, '13', 'ANTIGUA SHAKA BUGGYS', 32),
(972463, '13', 'WALKING TOUR OF ST JOHNS', 32),
(972464, '13', 'MONTSERRAT VOLCANO BY HELICOPTER', 32),
(996346, '13', 'RHINO RIDERS', 32),
(982144, '13', 'SEGWAY FORT CONQUERORS', 32),
(982145, '13', 'ISLAND BEACH HOPPER', 32),
(982146, '13', 'GOLF IN ANTIGUA', 32),
(974642, '13', 'NATIONAL PARKS SEGWAY TOUR', 32),
(974686, '13', 'CADES REEF BY CATAMARAN', 32),
(974687, '13', 'NELSONS DOCKYARD', 32),
(974718, '13', 'A BEACH TRIO BY CATAMARAN', 32),
(994878, '1913', 'HAVANA HIGHLIGHTS', 32),
(994879, '1913', 'HEMINGWAY IN HAVANA', 32),
(994880, '1913', 'CABARET TROPICANA - A PARADISE UNDE', 32),
(994881, '1913', 'CANNON SHOT CEREMONY & CABARET PARI', 32),
(994882, '1913', 'VINALES', 32),
(994883, '1913', 'CABARET TROPICANA IN CLASSIC CARS', 32),
(994884, '1913', 'LAS TERRAZAS & SOROA', 32),
(994885, '1913', 'GUAMA TAINO INDIAN VILLAGE CROC FAR', 32),
(995116, '1913', 'CANNON SHOT CEREMONY', 32),
(995117, '1913', 'CABARET PARISIEN', 32),
(987311, '1913', 'HAVANA BIKE TOUR', 32),
(974493, '1913', 'HAVANA BY NIGHT IN CLASSIC CARS', 32),
(974519, '1913', 'HAVANA HIGHLIGHTS IN CLASSIC CARS', 32),
(974536, '1913', 'EASY HAVANA', 32),
(974636, '1913', 'HAVANA CAFE SHOW', 32),
(994444, '718', 'SEA & WINE', 32),
(996275, '718', 'CORFU BIKE TOUR', 32),
(991831, '718', 'KALYPSO STAR SEA LIONS AND OLD TOWN', 32),
(991835, '718', 'AQUALAND', 32),
(991854, '718', 'BELLA VISTA', 32),
(991867, '718', 'GLYFADA BEACH', 32),
(991871, '718', 'ALBANIAN ADVENTURE', 32),
(971638, '718', 'TRANSFER TO GLYFADA BEACH', 32),
(981877, '718', 'DISCOVERY WALKS - CORFU', 32),
(982175, '718', 'CORFU 4X4 ADVENTURE', 32),
(982176, '718', 'ALBANIAN ADVENTURE 2', 32),
(982193, '718', 'ACHILLEION PALACE & CORFU TOWN', 32),
(973934, '718', 'CORFU HOP-ON HOP-OFF', 32),
(996104, '1002', 'GIBRALTAR BIKE TOUR', 32),
(996239, '1002', 'WORLD WAR TWO TUNNELS', 32),
(987706, '1002', 'EXPLORE GIBRALTAR - ONE DRINK AT A ', 32),
(990804, '1002', 'RELAXING GIBRALTAR & ENGLISH TEA', 32),
(991495, '1002', 'DOLPHIN WATCH', 32),
(988026, '1002', 'ALAMEDA GARDENS & CABLE CAR', 32),
(988027, '1002', 'JOHN LENNON MEMORABILIA', 32),
(993414, '1002', 'THE ROCK TOUR', 32),
(993869, '666', 'ATHENS & THE ACROPOLIS', 32),
(993870, '666', 'PANORAMIC ATHENS & PLAKA', 32),
(993871, '666', 'THE CORINTH CANAL', 32),
(993995, '666', 'ANCIENT CORINTH & THE CANAL', 32),
(993996, '666', 'CAPE SOUNION', 32),
(994453, '666', 'YABANAKI BEACH PARK', 32),
(994454, '666', 'ALLOU FUN CLUB', 32),
(995380, '666', 'ATHENS ON YOUR OWN', 32),
(995784, '666', 'ACROPOLIS MUSEUM & PLAKA', 32),
(996129, '666', 'ATHENS BIKE TOUR', 32),
(986351, '666', 'EVERY DAY LIFE IN ATHENS', 32),
(986352, '666', 'ATHENS BY SEGWAY', 32),
(986353, '666', 'ATHENS TAXI TRANSFER - 4 HOURS', 32),
(986354, '666', 'ATHENS TAXI TRANSFER - 8 HOURS', 32),
(973504, '666', 'THE ACROPOLIS IN 3D - AUGMENTED REA', 32),
(981881, '666', 'DISCOVERY WALKS - ATHENS', 32),
(970148, '666', 'THE BEST OF ATHENS', 32),
(973931, '666', 'PIRAEUS HOP-ON HOP-OFF', 32),
(974491, '666', 'THE ACROPOLIS THROUGH THE AGES', 32),
(993751, '531', 'LISBON HIGHLIGHTS', 32),
(993752, '531', 'SINTRA & CASCAIS', 32),
(993753, '531', 'LISBON CITY CHARMS', 32),
(993754, '531', 'SHUTTLE BUS - DO NOT USE', 32),
(993755, '531', 'SHUTTLE BUS', 32),
(996236, '531', 'LISBON PANORAMIC', 32),
(996269, '531', 'LISBON BIKE TOUR', 32),
(990327, '531', 'INDEPENDENT WALKING TOUR', 32),
(991965, '531', 'OBIDOS - LAND OF PORTUGUESE QUEENS', 32),
(992063, '531', 'FATIMA HOPE OF THE WORLD', 32),
(989973, '531', 'LISBON BY ECO TUK TUK', 32),
(989974, '531', 'LISBON BY SEGWAY', 32),
(981837, '531', 'DISCOVERY WALKS - LISBON', 32),
(973939, '531', 'LISBON HOP-ON HOP-OFF', 32),
(974597, '531', 'LISBON BY LAND AND WATER', 32),
(974598, '531', 'LISBON BY TRAM AND COACH', 32),
(994369, '654', 'UNUSUAL ROME', 32),
(994584, '654', 'TASTE OF ROME', 32),
(995606, '654', 'TUSCANIA & WINE', 32),
(996111, '654', 'ROME BIKE TOUR', 32),
(996261, '654', 'ROME BY SEGWAY', 32),
(983150, '654', 'DISCOVERING THE ROMAN SECRETS', 32),
(983151, '654', 'THE VATICAN GARDENS', 32),
(983160, '654', 'PRIVATE MINIVAN TO ROME', 32),
(991833, '654', 'CLASSICAL SIGHTS & VATICAN CITY', 32),
(991841, '654', 'ROME ON YOUR OWN', 32),
(991844, '654', 'ROME & THE COLOSSEUM', 32),
(991845, '654', 'EXPRESS TO ROME', 32),
(991855, '654', 'THE COMPLETE VATICAN CITY', 32),
(991857, '654', 'MONUMENTAL ROME', 32),
(991869, '654', 'MONUMENTS OF ROME', 32),
(991870, '654', 'RELAXING ROME EASY ON THE LEGS', 32),
(991880, '654', 'BRACCIANO CASTLE & ANGUILLARA', 32),
(991885, '654', 'ROME - ALL IN ONE DAY', 32),
(991901, '654', 'ANCIENT OSTIA', 32),
(991904, '654', 'BEST OF ROME', 32),
(988068, '654', 'ZOOMARINE - WATER & ADVENTURE PARK', 32),
(972748, '654', 'ROME SIGHTSEEING', 32),
(981884, '654', 'DISCOVERY WALKS - ROME', 32),
(994460, '867', 'SCENIC WONDERS', 32),
(992347, '867', 'SOUTHERN RELAXATION', 32),
(992356, '867', 'DISCOVER THE REAL KEFALONIA', 32),
(971666, '867', 'MAKRIS YIALOS BEACH TRANSFER', 32),
(971161, '867', 'MELISSANI LAKE & DROGARATI CAVE', 32),
(971162, '867', 'LEISURELY KEFALONIA', 32),
(971163, '867', 'KEFALONIA HIGHLIGHTS', 32),
(971164, '867', 'ARGOSTOLI BIKE TOUR', 32),
(974834, '543', 'CABLE CAR MOUNTAIN RIDE', 32),
(974835, '543', 'HIGHLIGHTS OF LANGKAWI', 32),
(974836, '543', 'CAVES AND MANGROVES BY BOAT', 32),
(974837, '543', 'ARTISAN SHOPPING AND AQUARIUM', 32),
(974838, '543', 'KILIM AND KAYAK ADVENTURE', 32),
(974839, '543', 'LUXURY HOTEL DAY', 32),
(974840, '543', 'CATAMARAN ISLAND CRUISE', 32),
(974841, '543', 'SUNSET DINNER CRUISE', 32),
(990274, '545', 'HISTORIC GEORGETOWN TOUR', 32),
(974799, '545', 'WATS AND WILDLIFE', 32),
(974800, '545', 'PENANG HERITAGE TRAIL', 32),
(974801, '545', 'PANORAMIC PENANG', 32),
(974802, '545', 'PEDAL AROUD PENANG', 32),
(974803, '545', 'ECO EXPLORER', 32),
(974804, '545', 'ORANG UTAN ISLAND', 32),
(974805, '545', 'PENANG IN A DAY', 32),
(974806, '545', 'PENANG ISLAND TOUR', 32),
(974807, '545', 'LUXURY HOTEL DAY', 32),
(974808, '545', 'BATIK EXPERIENCE', 32),
(974809, '545', 'HISTORIC PENANG TOUR', 32),
(974810, '545', 'BOAT TRIP TO MONKEY BEACH', 32),
(974811, '545', 'THE HABITAT EXPERIENCE AT PENANG HI', 32),
(995334, '570', 'HIGHLIGHTS OF MALTA', 32),
(995335, '570', 'MALTA PANORAMIC', 32),
(995336, '570', 'MARSAXLOKK & BLUE GROTTO', 32),
(995337, '570', 'HARBOUR CRUISE', 32),
(995338, '570', 'THREE ISLANDS - LAND & SEA', 32),
(995339, '570', 'THE TOTAL MALTA EXPERIENCE', 32),
(987603, '570', 'VALLETTA SEGWAY TOUR', 32),
(982174, '570', 'VALLETTA BIKE TOUR', 32),
(982479, '676', 'AMALFI DRIVE', 32),
(982480, '676', 'POMPEII', 32),
(982481, '676', 'HERCULANEUM', 32),
(982482, '676', 'CAPRI', 32),
(982483, '676', 'POMPEII & VESUVIUS', 32),
(986335, '676', 'SORRENTO BIKE TOUR', 32),
(989282, '676', 'POMPEII & AMALFI', 32),
(970145, '676', 'EASY SORRENTO IN TRAM', 32),
(970146, '676', 'EXPLORE POMPEII & HERCULANEUM EXCAV', 32),
(993883, '945', 'SKIATHOS BY SEA', 32),
(993884, '945', 'SKIATHOS TOWN WALK', 32),
(993885, '945', 'EVANGELISTRIA MONASTERY', 32),
(993886, '945', 'KOUNISTRIA MONASTERY WITH KOUKOUNAR', 32),
(993975, '945', 'SKIATHOS BY SEA WITH LUNCH', 32),
(994412, '1723', 'OLIVE OIL MUSEUM & POTTERY', 32),
(994413, '1723', 'CLISOL GREENHOUSE & ALMERIMAR', 32),
(996105, '1723', 'ALMERIA BIKE TOUR', 32),
(991766, '1723', 'GRANADA CITY', 32),
(991769, '1723', 'ALMERIA AND CABO DE GATA', 32),
(993171, '1723', 'ALHAMBRA PALACE', 32),
(993173, '1723', 'CHARMING MOJACAR & THE TABERNAS DES', 32),
(982034, '1723', 'ALMERIA BEACH TRANSFER', 32),
(982035, '1723', 'PANORAMIC ALPUJARRA', 32),
(994284, '1218', 'SNORKEL SEASURFER STYLE', 32),
(994476, '1218', 'PELICAN COVE SNORKEL', 32),
(994477, '1218', 'SEASURFER GLASS BOTTOM BOAT', 32),
(994564, '1218', 'NEVIS BEACH ESCAPE', 32),
(994745, '1218', 'DISCOVER SCUBA DIVING ADVENTURE', 32),
(994868, '1218', 'CERTIFIED SCUBA DIVE', 32),
(995825, '1218', 'ST KITTS SNORKEL ADVENTURE', 32),
(996096, '1218', 'ST KITTS BIKE TOUR', 32),
(987703, '1218', 'SAFARI CITY & BEACH', 32),
(987704, '1218', 'PANORAMIC ST KITTS', 32),
(992333, '1218', 'HORSEBACK MOUNTAIN TRAIL', 32),
(992335, '1218', 'QUAD BIKING', 32),
(992341, '1218', 'BASSETERRE & FRIGATE BAY SAFARI', 32),
(992346, '1218', 'ST KITTS SCENIC RAILWAY', 32),
(992350, '1218', 'TALE OF BYGONE TIMES', 32),
(992365, '1218', 'BEST OF ST KITTS', 32),
(992366, '1218', 'RAINFOREST HIKE & ROMNEY GARDENS', 32),
(970046, '1218', 'HELICOPTER TOUR OF ST KITTS & NEVIS', 32),
(972673, '1218', 'SKY SAFARI ZIPLINE', 32),
(972674, '1218', 'ESSENTIAL ST. KITTS WITH FAIRVIEW', 32),
(972675, '1218', 'SAFARI ISLAND DRIVE', 32),
(972676, '1218', 'DRIVE AND WALK - BASSETERRE AND FOR', 32),
(972677, '1218', 'ST. KITTS PANORAMIC DRIVING TOUR', 32),
(972678, '1218', 'BEACH TRANSFER TO FRIGATE BAY', 32),
(972679, '1218', 'PELICAN STAND UP PADDLE BOARD', 32),
(972680, '1218', 'AT HOME WITH KITTIANS', 32),
(971190, '1218', 'BEST OF ST KITTS BY OPEN AIR ISLAND', 32),
(971191, '1218', 'BASSETERRE BEACH TRANSFER', 32),
(971231, '1218', 'DOLPHIN ENCOUNTER', 32),
(971232, '1218', 'DOLPHIN SWIM', 32),
(971233, '1218', 'DOLPHIN OBSERVER', 32),
(974729, '1218', 'RUINS AND RESTORATIONS IN ST KITTS', 32),
(974765, '1218', 'SNORKEL SAFARI ADVENTURE', 32),
(995922, '396', 'PANORAMIC STOCKHOLM & VASA MUSEUM', 32),
(995992, '396', 'OLD TOWN & CITY HALL', 32),
(995993, '396', 'STOCKHOLM WATERWAYS', 32),
(995994, '396', 'THE VIKINGS & THE FABULOUS GOLD ROO', 32),
(995995, '396', 'DROTTINGHOLM PALACE & GARDENS', 32),
(995996, '396', 'HISTORIC STOCKHOLM & SIGTUNA', 32),
(995997, '396', 'SHUTTLE BUS', 32),
(986327, '396', 'HISTORICAL WALK ON A ROOFTOP', 32),
(996319, '396', 'STOCKHOLM BIKE TOUR', 32),
(981888, '396', 'DISCOVERY WALKS - STOCKHOLM', 32),
(973879, '396', 'STOCKHOLM HOP-ON HOP-OFF', 32),
(973994, '396', 'ABBA AND STOCKHOLM HIGHLIGHTS', 32),
(995834, 'CL0392', 'TOBAGO SOUTH', 32),
(995835, 'CL0392', 'GLASS BOTTOM BUCCOO REEF', 32),
(995836, 'CL0392', 'ROXBOROUGH RAINFOREST ADVENTURE', 32),
(995837, 'CL0392', 'TROPICAL GARDEN & NATURE RESERVE', 32),
(995838, 'CL0392', 'PIGEON POINT BEACH BREAK', 32),
(995839, 'CL0392', 'ARGYLE FALLS', 32),
(995840, 'CL0392', 'TOBAGO CRUISE', 32),
(995841, 'CL0392', 'TOBAGO ISLAND EXPLORER', 32),
(982127, 'CL0392', 'SCARBOROUGH BIKE TOUR', 32),
(994370, '1610', 'MOGAN & YELLOW SUBMARINE', 32),
(995821, '1610', 'DISCOVER THE NORTH & ITS FINCAS', 32),
(995822, '1610', 'GRAN CANARIA LIGHT', 32),
(999033, '1610', 'LAS PALMAS BIKE TOUR', 32),
(987092, '1610', 'MASPALOMAS BEACH TRANSFER', 32),
(987726, '1610', 'ARUCAS & TEROR', 32),
(987727, '1610', 'TANDEM PARACHUTE JUMP AT DUNES', 32),
(991749, '1610', 'LAS PALMAS & BANDAMA CRATER', 32),
(992787, '1610', 'CAMEL TREKKING', 32),
(992838, '1610', 'SOUTH WESTERN DELIGHTS', 32),
(992839, '1610', 'CATAMARAN SAILING - DOLPHIN WATCH', 32),
(992874, '1610', 'CASA ROMANTICA', 32),
(989141, '1610', 'LAS PALMAS GOLF PACKAGE', 32),
(973927, '1610', 'LAS PALMAS HOP-ON HOP-OFF', 32),
(990242, '483', 'COLONIAL ERA TOUR', 32),
(990243, '483', 'NIGHT SAFARI', 32),
(990262, '483', 'SINGAPORE CITY TOUR', 32),
(990263, '483', 'FOOTSTEPS OF RAFFLES', 32),
(974858, '483', 'SNAPSHOT OF SINGAPORE', 32),
(974859, '483', 'SINGAPORE BY LAND AIR AND SEA', 32),
(974860, '483', 'WONDERS OF SINGAPORE - THE CITY IN ', 32),
(974861, '483', 'SINGAPORES CULTURAL CHARMS', 32),
(974862, '483', 'TRACING THE FOOTPRINTS OF RAFFLES', 32),
(974863, '483', 'A GOURMET JOURNEY OF SINGAPORE', 32),
(974864, '483', 'TRULY PERANAKAN JOURNEY', 32),
(974865, '483', 'SINGPORES RELIGIOUS RELICS', 32),
(974866, '483', 'WORLD WAR MEMORIES', 32),
(974867, '483', 'SINGAPORE AT DUSK', 32),
(994153, '446', 'PANORAMIC BODRUM', 32),
(994154, '446', 'EXPLORE BODRUM', 32),
(994155, '446', 'MILETUS & DIDYMA', 32),
(994156, '446', 'HAMMAM - TURKISH BATH', 32),
(994157, '446', 'VILLAGE LIFE', 32),
(994158, '446', 'GULET SAILING', 32),
(994159, '446', 'BODRUM 4X4 ADVENTURE', 32),
(999607, '446', 'BODRUM BIKE TOUR', 32),
(981771, '446', 'PAMUKKALE - THE COTTON CASTLE', 32),
(982192, '446', 'PANORAMIC BODRUM & MARKET', 32),
(993716, '1628', 'MARBELLA & PUERTO BANUS', 32),
(993717, '1628', 'MAGICAL MIJAS', 32),
(993718, '1628', 'GRANADAS ALHAMBRA PALACE', 32),
(993719, '1628', 'NERJA CAVES', 32),
(993720, '1628', 'MALAGA CITY TOUR', 32),
(993721, '1628', 'FUENGIROLA BEACH TRANSFER', 32),
(993722, '1628', 'MALAGA - SHUTTLE BUS', 32),
(982169, '1628', 'MALAGA BIKE TOUR', 32),
(971189, '1628', 'EASY MALAGA', 32),
(973938, '1628', 'MALAGA HOP-ON HOP-OFF', 32),
(974645, '1628', 'MALAGA BY MINI TRAIN', 32),
(993866, '1673', 'LORO PARQUE', 32),
(993867, '1673', 'SCENIC MOUNT TEIDE', 32),
(993868, '1673', 'SHOPPING IN PUERTO DE LA CRUZ', 32),
(993973, '1673', 'PLAYA DE LAS AMERICAS - ON YOUR OWN', 32),
(994294, '1673', 'NORTH PANORAMIC TOUR', 32),
(994377, '1673', '4X4 ADVENTURE - TAGANANA', 32),
(994378, '1673', 'GARDENS & WINE', 32),
(994379, '1673', 'HIKING MOUNT TEIDE', 32),
(995293, '1673', 'LA LAGUNA WORLD HERITAGE & VINEYARD', 32),
(995950, '1673', 'SIAM PARK', 32),
(982125, '1673', 'TENERIFE BIKE TOUR', 32),
(982165, '1673', 'FAREWELL TENERIFE', 32),
(973877, '1673', 'SANTA CRUZ HOP-ON HOP-OFF', 32),
(994791, '1984', 'PANORAMIC ARUBA', 32),
(994792, '1984', 'DE PALM ISLAND - HALF DAY', 32),
(994793, '1984', 'SEATREK HELMET DIVE & DE PALM ISLAN', 32),
(994794, '1984', 'SEE & SEA', 32),
(994795, '1984', 'ARUBA OFF ROAD', 32),
(994796, '1984', 'ATLANTIS SUBMARINE', 32),
(994873, '1984', 'HALF-DAY 4X4 SAFARI', 32),
(994874, '1984', 'SEE & SEA ISLAND TOUR', 32),
(996102, '1984', 'ARUBA BIKE TOUR', 32),
(989433, '1984', 'DE PALM ISLAND - FULL DAY', 32),
(972657, '1984', 'NATURAL WONDERS TOUR', 32),
(972658, '1984', 'ANDICURI UTV OFF-ROAD SAFARI', 32),
(972659, '1984', 'ARUBA SIGHTS AND BEACH', 32),
(996225, '613', 'AMSTERDAM CITY & CANAL CRUISE', 32),
(996226, '613', 'DUTCH ICONS; WINDMILLS CLOGS & CHEE', 32),
(996227, '613', 'AMSTERDAM & VAN GOGH', 32),
(986253, '613', 'ANNE FRANK HOUSE & CITY TOUR', 32),
(986375, '613', 'AMSTERDAM BY BIKE', 32),
(986384, '613', 'SPARKLING AMSTERDAM', 32),
(989006, '613', 'TUK TUK AMSTERDAM ADVENTURES', 32),
(989007, '613', 'AJAX STADIUM EXPERIENCE ON E-SCOOTE', 32),
(989313, '613', 'EVENING RED LIGHT DISTRICT WALK', 32),
(989314, '613', 'CANDLELIGHT CRUISE', 32),
(989315, '613', 'RED LIGHT DISTRICT BY TUK TUK', 32),
(989316, '613', 'AMSTERDAM EXPLORER PACKAGE', 32),
(989317, '613', 'AMSTERDAM HIGHLIGHTS PACKAGE', 32),
(973930, '613', 'AMSTERDAM HOP-ON HOP-OFF', 32),
(993692, '622', 'DISCOVERING REYKJAVIC', 32),
(993693, '622', 'BATHING IN THE BLUE LAGOON', 32),
(995932, '622', 'THE GOLDEN CIRCLE', 32),
(996037, '622', 'KRYSUVIK BLUE LAGOON & VIKING BOAT ', 32),
(996038, '622', 'SUPER 4X4 ADVENTURE', 32),
(996039, '622', 'FIRE & ICE: VOLCANO & GLACIER FLIGH', 32),
(996211, '622', 'REYKJAVIK BIKE TOUR', 32),
(996222, '622', 'GLACIER EXPEDITION', 32),
(989394, '622', 'WHALE WATCHING EXPERIENCE', 32),
(973373, '622', 'THE BEST OF REYKJAVIK', 32),
(973374, '622', 'HEART OF THE GLACIER', 32),
(973375, '622', 'VIKINGS HORSES AND HOT SPRINGS', 32),
(973876, '622', 'REYKJAVIK HOP-ON HOP-OFF', 32),
(991117, '428', 'PHANG NGA BAY KAYAK ADVENTURE', 32),
(991118, '428', 'DIVING IN THAILAND', 32),
(974779, '428', 'BEST OF PHUKET', 32),
(974780, '428', 'TEMPLES AND TASTES', 32),
(974781, '428', 'PHUKET HIGHLIGHTS AND BOTANICAL GAR', 32),
(974782, '428', 'OLD TOWN TOUR AND THAI MASSAGE', 32),
(974783, '428', 'JAMES BOND ISLAND AND PHANG NGA BAY', 32),
(974784, '428', 'PHI PHI ISLANDS BY SPEEDBOAT', 32),
(974785, '428', 'ISLAND SPEEDBOAT ESCAPE', 32),
(974786, '428', 'PANORAMIC PHUKET AND BEACH TIME', 32),
(993862, '2393', 'VOLCANO & WINE', 32),
(993863, '2393', 'SCENIC LA CALDERA', 32),
(993864, '2393', 'WALK IN THE NATURE OF LA PALMA', 32),
(993865, '2393', 'QUAD BIKES ADVENTURE', 32),
(995830, '2393', 'OFF ROAD BUGGY ADVENTURE', 32),
(995831, '2393', 'LA PALMA - OUT & ABOUT', 32),
(999034, '2393', 'SANTA CRUZ DE LA PALMA BIKE TOUR', 32),
(996190, '2393', 'LA PALMA TREE TOP ADVENTURE', 32),
(987738, '2393', 'EASY LA PALMA', 32),
(987739, '2393', 'SANTA CRUZ DE LA PALMA SIGHTSEEING ', 32),
(995304, '2627', 'TAORMINA', 32),
(995305, '2627', 'MOUNT ETNA', 32),
(995306, '2627', 'TAORMINA & MOUNT ETNA', 32),
(995319, '2627', 'GODFATHER VILLAGES (SAVOCA & FORZA ', 32),
(995343, '2627', 'PANORAMIC MESSINA', 32),
(999041, '2627', 'MESSINA BIKE TOUR', 32),
(999042, '2627', 'MESSINA BIKE TOUR (ACTIVE)', 32),
(988064, '2627', 'MOUNT ETNA & SICILIAN FLAVOURS', 32),
(971745, '2627', 'BEACH TOUR', 32),
(973989, '2627', 'TINDARI - SANCTUARY OF THE BLACK MA', 32),
(993603, '2637', 'ANCIENT OLYMPIA AND VILLAGE', 32),
(995379, '2637', 'KOUROUTA BEACH', 32),
(996130, '2637', 'KATAKOLON BIKE TOUR', 32),
(987708, '2637', 'DOMAINE MERCOURI WINERY', 32),
(987709, '2637', 'TRADITIONAL FARM & FOLK DANCE', 32),
(991502, '2637', 'ANCIENT OLYMPIA', 32),
(992948, '2637', 'ALDEMARE HOTEL BEACH TRANSFER', 32),
(992951, '2637', 'KOUROUTA BEACH - DNU 992951', 32),
(992957, '2637', 'MUSEUM & WINE', 32),
(994365, '2639', 'RANCHO TEXAS PARK - SWIMMING WITH S', 32),
(994366, '2639', 'SHOPPING AT PUERTO CALERO', 32),
(994367, '2639', 'VOLCANO FLIGHTSEEING', 32),
(995832, '2639', '4X4 LANZAROTE ADVENTURE', 32),
(999036, '2639', 'ARRECIFE BIKE TOUR', 32),
(996157, '2639', 'RANCHO TEXAS PARK', 32),
(992328, '2639', 'COSTA TEGUISE TRANSFER', 32),
(992331, '2639', 'SUBMARINE ADVENTURE', 32),
(992332, '2639', 'PUERTO DEL CARMEN TRANSFER', 32),
(992337, '2639', 'DISCOVER THE NORTH - MANRIQUES MAST', 32),
(992342, '2639', 'ARRECIFE SHUTTLE BUS', 32),
(992357, '2639', 'FIRE MOUNTAIN', 32),
(982135, '2639', 'LANZAROTE BUGGY TOUR', 32),
(994427, '2634', 'CARGESE THE GREEK VILLAGE', 32),
(995295, '2634', 'COASTAL DRIVE & INLAND VILLAGE', 32),
(999043, '2634', 'AJACCIO BIKE TOUR (ACTIVE)', 32),
(996116, '2634', 'AJACCIO BIKE TOUR', 32),
(990840, '2634', 'RIVER AND SEA KAYAK', 32),
(992120, '2634', 'A TASTE OF CORSICA', 32),
(992121, '2634', 'EARTH AND AIR ADVENTURE', 32),
(992122, '2634', 'WEST COAST ADVENTURE', 32),
(992123, '2634', 'CORSICAS NATURAL BEAUTY', 32),
(992124, '2634', 'THE BEAUTY OF CORSICA', 32),
(992524, '2634', 'MINI-TRAIN & MOUNTAIN', 32),
(992525, '2634', 'TORTOISE PROTECTION CENTRE', 32),
(992526, '2634', 'AJACCIO HELICOPTER', 32),
(970985, '2634', 'VIZZAVONA & TASTING', 32),
(970986, '2634', 'BASTELICA & LITTLE TRAIN', 32),
(971634, '2690', 'PANORAMIC TOUR OF CEUTA', 32),
(971682, '2690', 'PANORAMIC TOUR CEUTA', 32),
(981999, '2690', 'CEUTA CITY TOUR', 32),
(982000, '2690', 'TETOUAN CITY TOUR', 32),
(982003, '2690', 'THE HOLY CITY OF CHAOUEN', 32),
(982129, '2690', 'CEUTA BIKE TOUR', 32),
(993989, '2700', 'ALBUFEIRA CANOE ADVENTURE - DNU 993', 32),
(993990, '2700', 'WONDERS OF THE SEA - DNU 993990', 32),
(991253, '2700', 'ALBUFEIRA CANOE ADVENTURE - DNU 991', 32),
(991268, '2700', 'SHUTTLE BUS', 32),
(991280, '2700', 'VALENCIA CITY TOUR', 32),
(991281, '2700', 'LLADRO FACTORY & SCENIC TOUR', 32),
(992961, '2700', 'WONDERS OF THE SEA - DNU 992961', 32),
(987977, '2700', 'VALENCIA & OCEANOGRAPHIC PARK', 32),
(987978, '2700', 'VALENCIA & BIOPARC', 32),
(982130, '2700', 'VALENCIA BIKE TOUR', 32),
(970725, '2700', 'ENJOY OCEANOGRAPHIC', 32),
(993779, '2691', 'OLD CITY & MONREALE', 32),
(993780, '2691', 'VILLAGE OF CEFALU', 32),
(993781, '2691', 'SCENIC PALERMO', 32),
(993782, '2691', 'MYSTERIOUS PALERMO', 32),
(993783, '2691', 'MONDELLO BEACH', 32),
(993939, '2691', 'TASTE OF SICILY', 32),
(994193, '2691', 'SICILIAN WINES', 32),
(972228, '2691', 'PALERMO & MONREALE', 32),
(972229, '2691', 'PALERMO AND THE PALATINE CHAPEL', 32),
(972230, '2691', 'VINEYARDS TOUR WITH TASTING', 32),
(972231, '2691', 'WALKING TOUR OF PALERMO', 32),
(972232, '2691', 'SANTA ROSALIAS GROTTO & MONDELLO', 32),
(993729, '2696', 'CASSIS', 32),
(993730, '2696', 'AVIGNON & MARSEILLE', 32),
(993731, '2696', 'MARSEILLE CITY TOUR', 32),
(993732, '2696', 'AIX EN-PROVENCE', 32),
(993733, '2696', 'SHUTTLE BUS', 32),
(999055, '2696', 'MEMORIES OF MARSEILLE', 32),
(971635, '2696', 'EASY MARSEILLE', 32),
(971636, '2696', 'CASTELLET & WINE TASTING', 32),
(971637, '2696', 'AVIGNON AND POPES PALACE', 32),
(971759, '2696', 'MARSEILLE BIKE TOUR', 32),
(973393, '2820', 'BILBAO CITY TOUR', 32),
(973394, '2820', 'LANDMARKS OF BILBAO', 32),
(973395, '2820', 'SCENIC BILBAO & CASTRO URDIALES', 32),
(973396, '2820', 'DISCOVER SAN SEBASTIAN', 32),
(973397, '2820', 'HISTORIC GERNIKA', 32),
(973398, '2820', 'A TASTE OF THE BASQUE COASTLINE', 32),
(973399, '2820', 'MOTORS AND MONUMENTS', 32),
(973400, '2820', 'CASTLES AND CAVES', 32),
(995918, '2826', 'DREAMY DJURSLAND', 32),
(995978, '2826', 'SILKEBORG - THE LAKE HIGHLANDS OF D', 32),
(995979, '2826', 'AARHUS CITY HIGHLIGHTS', 32),
(996201, '2826', 'AARHUS BIKE TOUR', 32),
(973255, '2826', 'FULL STEAM AHEAD', 32),
(973256, '2826', 'LAKE CRUISE AND VIEWS', 32),
(973257, '2826', 'THE COLOURS OF AARHUS', 32),
(973258, '2826', 'THE MANOR OF GAMMEL ESTRUP - VISIT ', 32),
(973366, '2826', 'A WALK IN AARHUS', 32),
(995949, '2830', 'ESSENCE OF NORWAY', 32),
(995962, '2830', 'OYE', 32),
(996326, '2830', 'HELLESYLT BIKE TOUR', 32),
(995924, '2824', 'HELSINKI & PORVOO', 32),
(996000, '2824', 'HELSINKI CITY TOUR', 32),
(996001, '2824', 'SEURASAARI BY BOAT & HELSINKI CITY', 32),
(996002, '2824', 'HELSINKI & AINOLA', 32),
(996003, '2824', 'SANTAS SUMMER HOUSE', 32),
(996004, '2824', 'HELSINKI BY BIKE', 32),
(996005, '2824', 'SHUTTLE BUS', 32),
(996207, '2824', 'HELSINKI BIKE TOUR', 32),
(986328, '2824', 'HELSINKI BY VINTAGE TRAM', 32),
(973370, '2824', 'UNIQUE FINLAND & ICE BAR', 32),
(973371, '2824', 'NUUKSIO REINDEER PARK', 32),
(981886, '2824', 'DISCOVERY WALKS - HELSINKI', 32),
(973935, '2824', 'HELSINKI HOP-ON HOP-OFF', 32),
(994399, '2836', 'VIGO & BAYONA', 32),
(994400, '2836', 'SANTIAGO DE COMPESTELA', 32),
(994401, '2836', 'THE BORDER COUNTRY', 32),
(996272, '2836', 'VIGO BIKE TOUR', 32),
(987758, '2836', 'SOUTOMARIOR CASTLE & WINE CELLAR', 32),
(971641, '2836', 'PONTEVEDRA & COMBARRO', 32),
(971642, '2836', 'PANORAMIC VIGO', 32),
(971643, '2836', 'THE OYSTER ROUTE', 32),
(995362, '2884', 'BALAGNA SCENIC DRIVE', 32),
(995363, '2884', 'CORSICAN OLD VILLAGES', 32),
(995364, '2884', 'OPEN TOP DRIVE', 32),
(995365, '2884', 'CALVI WALKING TOUR', 32),
(995366, '2884', 'OFF ROAD TOUR', 32),
(995367, '2884', 'THE CALANCHES DE PIANA', 32),
(996123, '2884', 'CALVI BIKE TOUR', 32),
(970955, '2884', 'WINES OF CORSICA', 32),
(970956, '2884', 'SALECCIA BOTANICAL GARDENS', 32),
(986257, '3087', 'ST TROPEZ & PORT GRIMAUD', 32),
(986258, '3087', 'MONACO & MONTE CARLO ON YOUR OWN', 32),
(986259, '3087', 'CANNES & ST PAUL DE VENCE', 32),
(986260, '3087', 'WINES OF PROVINCE', 32),
(986261, '3087', 'ST TROPEZ BY BOAT', 32),
(986262, '3087', 'EASY CANNES', 32),
(986263, '3087', 'FABULOUS FREJUS', 32),
(986264, '3087', 'ST RAPHAEL BIKE TOUR', 32),
(995926, '2825', 'HIGHLIGHTS OF TALLINN', 32),
(996018, '2825', 'KADRIORG PALACE & CITY HIGHLIGHTS', 32),
(996019, '2825', 'TALLINN WALKING TOUR', 32),
(982891, '2825', 'ESTONIAN COUNTRYSIDE & FISH FARM LU', 32),
(983164, '2825', 'TALLINN BY SEGWAY', 32),
(973367, '2825', 'TALLINNS MEDIEVAL MARVELS', 32),
(996327, '2825', 'TALLINN BIKE TOUR', 32),
(981629, '2825', 'TALLINN PANORAMA', 32),
(981630, '2825', 'TALLINN HIGHLIGHTS', 32),
(981786, '2825', 'ST NICOLAS CHURCH & OLD TOWN', 32),
(981889, '2825', 'DISCOVERY WALKS - TALLINN', 32),
(973881, '2825', 'TALLINN HOP-ON HOP-OFF', 32),
(973389, '3798', 'GIRONA CITY TOUR', 32),
(973390, '3798', 'BANYOLES & BESALU', 32),
(973391, '3798', 'FIGUERES AND DALI MUSEUM', 32),
(973392, '3798', 'CADAQUES & ROSES', 32),
(995930, 'CMS017', 'JEWELS OF THE NORTH', 32),
(996031, 'CMS017', 'NATURE FOLK & FLORA', 32),
(996032, 'CMS017', 'WHALE WATCHING & THE GODAFOSS FALLS', 32),
(996033, 'CMS017', 'MYVATN NATURE BATHS', 32),
(996034, 'CMS017', 'POLAR FLIGHT TO GRIMSEY ISLAND', 32),
(996202, 'CMS017', 'AKUREYRI BIKE TOUR', 32),
(996220, 'CMS017', 'GODAFOSS & LEISURELY AKUREYRI', 32),
(989393, 'CMS017', 'WHALE WATCHING FROM AKUREYRI PORT', 32),
(994869, 'CMS018', 'DEAD SEA', 32),
(995787, 'CMS018', 'TEL AVIV BEACH & SHOPPING', 32),
(996100, 'CMS018', 'OVER NIGHT EXPERIENCE', 32),
(987733, 'CMS018', 'JERUSALEM ON YOUR OWN', 32),
(992326, 'CMS018', 'JERUSALEM THROUGH TIME', 32),
(992329, 'CMS018', 'NAZARETH & GALILEE', 32),
(992338, 'CMS018', 'JERUSALEM AND MOUNT ZION', 32),
(992339, 'CMS018', 'PANORAMIC JERUSALEM', 32),
(992351, 'CMS018', 'MASADA & DEAD SEA', 32),
(992358, 'CMS018', 'JERUSALEM & BETHLEHEM', 32),
(992359, 'CMS018', 'TEL AVIV & JAFFA', 32),
(992360, 'CMS018', 'YAD VASHEM & JERUSALEM', 32),
(989201, 'CMS018', 'CAVE EXPLORING AT BEIT GUVRIN', 32),
(989202, 'CMS018', 'HIGHLIGHTS OF BETHLEHEM', 32),
(989203, 'CMS018', 'JERUSALEM & DEAD SEA', 32),
(981627, 'CMS018', 'ASHDOD BIKE TOUR', 32),
(993600, 'CMS022', 'PIRAN & PORTOROZ - LITTLE ITALY', 32),
(996124, 'CMS022', 'KOPER BIKE TOUR', 32),
(986346, 'CMS022', 'BEST OF SLOVENIA - LJUBLJANA & LAKE', 32),
(986347, 'CMS022', 'NATURE WALK IN DRAGONJA VALLEY', 32),
(986348, 'CMS022', 'CULTURAL VILLAGE', 32),
(986349, 'CMS022', '4X4 ADVENTURE', 32),
(986356, 'CMS022', 'KOPER TAXI TRANSFER - 6HRS', 32),
(986357, 'CMS022', 'KOPER TAXI TRANSFER - 8HRS', 32),
(990798, 'CMS022', 'KOPER IMPRESSIONS WALKING TOUR', 32),
(991025, 'CMS022', 'SPEED BOAT & IZOLA', 32),
(991507, 'CMS022', 'TASTE OF SLOVENIA', 32),
(991510, 'CMS022', 'CAVES & CASTLES', 32),
(991528, 'CMS022', 'LIPICA HORSES AND POSTOJNA CAVES', 32),
(991530, 'CMS022', 'POSTONJNA CAVES', 32),
(991531, 'CMS022', 'LLUBLJANA AND BLED - THE NEXT PRAGU', 32),
(991532, 'CMS022', 'POSTOJNA CAVES AND PREDJAMA CASTLE', 32),
(991534, 'CMS022', 'WHITE WATER RAFTING ADVENTURE', 32),
(991540, 'CMS022', 'BEACH PARTY', 32),
(991541, 'CMS022', 'CASTLE OF BLED', 32),
(991542, 'CMS022', 'ADVENTURE BIKE RIDE', 32),
(991543, 'CMS022', 'LIPICA HORSES', 32),
(992921, 'CMS022', 'PORTOROZ TRANSFER', 32),
(992946, 'CMS022', 'LJUBLJANA', 32),
(973510, 'CMS022', 'IMPRESSIONS OF KOPER', 32),
(973511, 'CMS022', 'HIGHLIGHTS OF PIRAN & PORTOROZ', 32),
(973512, 'CMS022', 'LIPIZZANER HORSES OF SLOVENIA', 32),
(973513, 'CMS022', 'TIME AT THE BEACH', 32),
(973514, 'CMS022', 'A SLOVENIAN SNAPSHOT', 32),
(973515, 'CMS022', 'SLOVENIA OFF-ROAD', 32),
(995605, '3683', 'SARDINIA FOLK DANCES', 32),
(983158, '3683', 'CAGLIARI BIKE TOUR', 32),
(987599, '3683', 'SARDINIAN FLAVOURS & FOLK SHOW', 32),
(990383, '3683', 'NURAGIC ROYAL PALACE OF BARUMINI', 32),
(991850, '3683', 'RELAXING SCENIC DRIVE', 32),
(991886, '3683', 'PULA & THE EXCAVATIONS OF NORA', 32),
(991888, '3683', 'SARDINIAN FOLK DANCES', 32),
(991895, '3683', 'CAGLIARI SIGHTSEEING', 32),
(993838, '3907', 'TRAFALGAR FALLS & SULPHUR SPA', 32),
(993839, '3907', 'TRAFALGAR FALLS & EMERALD POOL', 32),
(993840, '3907', 'RAINFOREST AERIAL TRAM', 32),
(993841, '3907', 'INDIAN RIVER ROWBOAT', 32),
(993842, '3907', 'LAYOU RIVER SCENIC DRIVE', 32),
(993843, '3907', 'WACKY RIVER TUBING', 32),
(993844, '3907', 'CHAMPAGNE SNORKEL', 32),
(993845, '3907', 'FUN CAT', 32),
(993846, '3907', 'PORTSMOUTH - NATURE TRAIL & BIRDWAT', 32),
(993847, '3907', 'PORTSMOUTH - CALIBISHIE RAINFOREST ', 32),
(993848, '3907', 'PORTSMOUTH - INDIAN RIVER & EMERALD', 32),
(993849, '3907', 'PORTSMOUTH - EMERALD POOL & CARIB T', 32),
(993850, '3907', 'PORTSMOUTH - INDIAN RIVER ROWBOAT', 32),
(993851, '3907', 'PORTSMOUTH - RIVER TUBING & EMERALD', 32),
(993970, '3907', 'EMERALD POOL & MERO BEACH', 32),
(994288, '3907', 'CARIB INDIAN & CULTURE', 32),
(994289, '3907', 'NATURE SPA TREASURES', 32),
(994290, '3907', 'OCEAN KAYAK & SNORKELLING', 32),
(994832, '3907', 'MIDDLEHAM FALLS HIKE', 32),
(995888, '3907', 'ACCESSIBLE DOMINICA & RAINFOREST DR', 32),
(995889, '3907', 'ROSEAU BY TROLLEY TRAIN', 32),
(988028, '3907', 'WACKY TRUCK WATERFALL & RAINFOREST ', 32),
(988029, '3907', 'ISLAND TRADITIONS AND HERBAL REMEDI', 32),
(988061, '3907', 'WHALE & DOLPHIN SPOTTING BY R.I.B.', 32),
(973057, '3907', 'BOIS COTLETTE ESTATE', 32),
(980915, '3907', 'BEACH & WATERFALL', 32),
(980916, '3907', 'RIVER TUBING RAINFOREST DRIVE & FAL', 32),
(980917, '3907', 'LAND & SEA R.I.B. ADVENTURE', 32),
(982126, '3907', 'ROSEAU BIKE TOUR', 32),
(971149, '3907', 'HOT SPRINGS ESCAPE', 32),
(971150, '3907', 'TRAFALGAR FALLS & TITOU GORGE', 32),
(971151, '3907', 'EMERALD POOL & MR. NICE', 32),
(971152, '3907', 'TRAFALGAR FALLS & BUBBLING REMNANTS', 32),
(971153, '3907', 'INDIAN RIVER ROW BOAT & BEACH', 32),
(971154, '3907', 'DOMINICA WHALE & DOLPHIN', 32),
(971155, '3907', 'ROSEAU VALLEY SCENIC DRIVE & FRESHW', 32),
(974658, '3907', 'HIBISCUS FALLS WITHOUT THE HIKE', 32),
(971530, '3990', 'PANORAMIC CITY TOUR', 32),
(971531, '3990', 'BAHRAIN GRAND TOUR', 32),
(971532, '3990', 'BAHRAIN ANCIENT AND MODERN TOUR', 32),
(971533, '3990', 'ULTIMATE BAHRAIN', 32),
(971534, '3990', 'BAHRAIN BLACK GOLD & CAMEL TOUR', 32),
(971535, '3990', 'ARABIAN HISTORY AND CULTURE', 32),
(971536, '3990', '4X4 EXTREME TOUR', 32),
(971537, '3990', 'BAHRAINS BEST KEPT SECRET TOUR', 32),
(971538, '3990', 'HIGH TEA AT RITZ CARLTON', 32),
(971539, '3990', 'PEARL SNORKELLING TOUR', 32),
(993745, 'CMS095', 'THE LEANING TOWER OF PISA', 32),
(993746, 'CMS095', 'FLORENCE & PISA', 32),
(993747, 'CMS095', 'FLORENCE ON YOUR OWN - 9HRS', 32),
(993748, 'CMS095', 'PUCCINI LAKE & PISA', 32),
(993749, 'CMS095', 'A TASTE OF TUSCANY', 32),
(993750, 'CMS095', 'BOAT RIDE TO LIVORNO', 32),
(994371, 'CMS095', 'EASY PISA', 32),
(994448, 'CMS095', 'TIRRENIA BEACH', 32),
(996110, 'CMS095', 'LIVORNO BIKE TOUR', 32),
(996166, 'CMS095', 'PISA & TASTING', 32),
(983131, 'CMS095', 'EXCLUSIVE - INSIDE THE TOWER OF PIS', 32),
(983132, 'CMS095', 'EXCLUSIVE - TUSCANYS HIDDEN TRADITI', 32),
(990332, 'CMS095', 'FLORENCE AND THE BOBOLI GARDENS', 32),
(991961, 'CMS095', 'SIENA AND SAN GIMIGNANO', 32),
(991966, 'CMS095', 'THE MEDIEVAL TOWN OF LUCCA', 32),
(988062, 'CMS095', 'LUCCA', 32),
(988063, 'CMS095', 'PINOCCHIOS REAL WORLD', 32),
(971357, 'CMS095', 'PISA OYO', 32),
(971362, 'CMS095', 'FLORENCE FULL DAY', 32),
(971363, 'CMS095', 'THE MEDIEVAL TOWN OF VOLTERRA', 32),
(971752, 'CMS095', 'THE CANALS OF LIVORNO', 32),
(971753, 'CMS095', 'BEACH TRANSFER HALF DAY', 32),
(972360, 'CMS095', 'ONCE UPON A TIME IN FLORENCE', 32),
(981775, 'CMS095', 'FLORENCE ON YOUR OWN - SHORTER DAY ', 32),
(981839, 'CMS095', 'DISCOVERY WALKS - FLORENCE', 32),
(981840, 'CMS095', 'DISCOVERY WALKS - PISA', 32),
(999045, '1439', 'HISTORIC BERGEN ON FOOT', 32),
(990385, '1439', 'BERGEN BY SEAPLANE', 32),
(991167, '1439', 'MOUNT FLOYEN SCENIC HIKE', 32),
(991170, '1439', 'CLASSICAL SIGHTS & SOUNDS OF BERGEN', 32),
(991861, '1439', 'BERGEN SHUTTLE BUS', 32),
(991862, '1439', 'BERGEN AQUARIUM ADVENTURE', 32),
(993014, '1439', 'BEAUTIFUL BERGEN BY COACH', 32),
(993030, '1439', 'OLD TIME BERGEN', 32),
(988589, '1439', 'THE HEIGHTS & SIGHTS OF BERGEN', 32),
(996323, '1439', 'BERGEN BIKE TOUR', 32),
(973932, '1439', 'BERGEN HOP-ON HOP-OFF', 32),
(991840, '2625', 'STUNNING SEVILLE', 32),
(991863, '2625', 'SEVILLE ON YOUR OWN', 32),
(991876, '2625', 'CADIZ WALKING TOUR', 32),
(991897, '2625', 'JEREZ & ARCOS DE LA FRONTERA', 32),
(991905, '2625', 'FLAMENCO & FIESTA', 32),
(989299, '2625', 'WHITE VILLAGES', 32),
(982128, '2625', 'CADIZ BIKE TOUR', 32),
(982184, '2625', 'CADIZ CITY TOUR', 32),
(982185, '2625', 'CADIZ PANORAMIC TOUR', 32),
(982186, '2625', 'CADIZ & A TASTE OF JEREZ', 32),
(973933, '2625', 'CADIZ HOP-ON HOP-OFF', 32),
(995923, '2828', 'GOTHENBURG CITY TOUR', 32),
(995998, '2828', 'WEST COAST ISLANDS', 32),
(995999, '2828', 'SHUTTLE BUS', 32),
(996206, '2828', 'GOTHENBURG BIKE TOUR', 32),
(986324, '2828', 'NORTHERN ARCHIPELAGO TOUR', 32),
(986326, '2828', 'THE NORTHERN ARCHIPELAGO', 32),
(996348, '2828', 'PANORAMIC GOTHENBURG & CANAL CRUISE', 32),
(973926, '2828', 'GOTHENBURG HOP-ON HOP-OFF', 32),
(973995, '2828', 'CITY TOUR AND HAGA', 32),
(995911, '591', 'DISCOVER OSLO', 32),
(995963, '591', 'NORWEGIAN EXPLORERS & VIKING SHIP M', 32),
(995964, '591', 'OSLO BY SEAPLANE', 32),
(996139, '591', 'EXPLORE OSLO & ICE BAR', 32),
(996140, '591', 'WOODEN SAILING BOAT', 32),
(996321, '591', 'OSLO BIKE TOUR', 32),
(981887, '591', 'DISCOVERY WALKS - OSLO', 32),
(973936, '591', 'OSLO HOP-ON HOP-OFF', 32),
(973992, '591', 'PANORAMIC OSLO', 32),
(973993, '591', 'OSLO MUNCH MUSEUM AND OPERA HOUSE', 32),
(995913, '2833', 'TROMSO PANORAMIC', 32),
(995967, '2833', 'TOTALLY TROMSO', 32),
(995968, '2833', 'WILDERNESS CENTRE & POLARIA', 32),
(995969, '2833', 'POLARIA', 32),
(996216, '2833', 'TROMSO BIKE TOUR', 32),
(986340, '2833', 'TROMSO & THE NORTHERN LIGHTS SCIENC', 32),
(989224, '2833', 'POLARIA & ARCTIC CATHEDRAL', 32),
(999040, '2697', 'VILLEFRANCHE BIKE TOUR', 32),
(996229, '2697', 'NICE & LITTLE TRAIN', 32),
(990980, '2697', 'SCENIC FRENCH RIVIERA', 32),
(992054, '2697', 'ANTIBES AND NICE', 32),
(992055, '2697', 'ST PAUL DE VENCE', 32),
(992056, '2697', 'MONACO & MONTE CARLO', 32),
(992058, '2697', 'BEST OF THE FRENCH RIVIERA', 32),
(992062, '2697', 'NICE & EZE', 32),
(992065, '2697', 'NICE MONACO & MONTE CARLO', 32),
(982167, '2697', 'MONACO - EASY GOING', 32),
(995933, '2839', 'INDEPENDENT BRUGES', 32),
(996040, '2839', 'BRUGES & CHOCOLATE', 32),
(996041, '2839', 'BRUGES & BEER', 32),
(996042, '2839', 'FLANDERS FIELD', 32),
(973716, '2839', 'BRUGES AND CANAL CRUISE', 32),
(996329, '2839', 'BRUGES BIKE TOUR', 32),
(993598, '158', 'LEVADA WALK', 32),
(993599, '158', 'CABO CAMARA AND REIDS PALACE', 32),
(994188, '158', 'SPIRIT OF MADEIRA', 32),
(999035, '158', 'FUNCHAL BIKE TOUR', 32),
(991013, '158', 'SCENIC MADEIRA', 32),
(991369, '158', 'BEST OF THE WEST', 32),
(991371, '158', 'TASTE OF MADEIRA & CABLE CAR', 32),
(991511, '158', 'BOTANICAL BEAUTY & CABLE CAR', 32),
(992949, '158', 'FESTIVE FUNCHAL CHRISTMAS LIGHTS', 32),
(992950, '158', 'FUNCHAL 4X4 EXPEDITION', 32),
(989142, '158', 'FUNCHAL GOLF PACKAGE', 32),
(993416, '158', 'EASTERN DELIGHTS', 32),
(993417, '158', 'CABO CAMARA AND BLANDYS', 32),
(993422, '158', 'HELICOPTER SIGHTSEEING', 32),
(993424, '158', 'MADEIRA EVENING', 32),
(970753, '158', 'AFTERNOON TEA AT 17TH-CENTURY FORT ', 32),
(970754, '158', 'TUKXI AT THE HEART OF FUNCHAL', 32),
(970755, '158', 'VIEWPOINTS & SURROUNDINGS OF FUNCHA', 32),
(973925, '158', 'FUNCHAL HOP-ON HOP-OFF', 32),
(994364, '3157', 'RED SEA PADI DIVING', 32),
(986361, '3157', 'PETRA - TREK TO THE MONASTERY', 32),
(986362, '3157', 'TAXI TRANSFER FROM AQABA', 32),
(986751, '3157', 'GULF OF AQABA SUNSET CRUISE', 32),
(987762, '3157', 'CORAL VIEWING & SNORKELLING CRUISE', 32),
(987763, '3157', 'SNORKELLING & TRANSFER TO DIVE AREA', 32),
(987764, '3157', 'RED SEA PADI DIVING - QUALIFED', 32),
(992334, '3157', 'WADI RUM - 4X4 DESERT ADVENTURE', 32),
(992343, '3157', 'DEAD SEA', 32),
(992348, '3157', 'SHUTTLE BUS', 32),
(992354, '3157', 'PETRA - THE ROSE RED CITY', 32),
(992355, '3157', 'MOVENPICK HOTEL & BEACH', 32),
(995915, '2831', 'ISLAND TOUR TO GISKE & GODOY', 32),
(995971, '2831', 'ALESUND WALK', 32),
(995972, '2831', 'SUNNMORE MUSEUM & CITY TOUR', 32),
(995973, '2831', 'VALLEY OF THE TROLLS', 32),
(996204, '2831', 'ALESUND BIKE TOUR', 32),
(973929, '2831', 'ALESUND HOP-ON HOP-OFF', 32),
(995916, '2840', 'CANYONS & CASCADES', 32),
(995974, '2840', 'NATURAL BEAUTY & NATURE CENTRE', 32),
(996267, '2840', 'EIDFJORD BIKE TOUR', 32),
(986255, '2840', 'KAYAKING IN EIDFJORD', 32),
(986256, '2840', 'LOFTHUS - THE ORCHARD OF NORWAY', 32),
(989225, '2840', 'SCENIC HARDANGER', 32),
(973963, '2840', 'EXPLORE EIDFJORD', 32),
(995909, '2829', 'FLAM RAILWAY ADVENTURE', 32),
(995951, '2829', 'NAEROY FJORD & STALHEIM', 32),
(995952, '2829', 'FLAM RAILWAY & HIKE', 32),
(995953, '2829', 'SCENIC STALHEIM', 32),
(995954, '2829', 'LAZY RIVER ADVENTURE', 32),
(999050, '2829', 'STALHEIMS HAIRPIN ROAD & TVINDEWATE', 32),
(996136, '2829', 'THE WHITE MINES OF NORWAY', 32),
(986246, '2829', 'R.I.B. BOAT ADVENTURE & BEER TASTIN', 32),
(996322, '2829', 'FLAM BIKE TOUR', 32),
(995958, '590', 'MOUNT DALSNIBBA', 32),
(995959, '590', 'HERDAL HOME FARM', 32),
(995960, '590', 'NORWEGIAN FJORD CENTRE EXPERIENCE', 32),
(995961, '590', 'KAYAKING AT THE GEIRANGERFJORD', 32),
(986247, '590', 'R.I.B. BOAT ADVENTURE', 32),
(995914, '2835', 'NORTH CAPE EXPLORER', 32),
(995970, '2835', 'KING CRAB SAFARI', 32),
(996137, '2835', 'BIRD SAFARI BY BOAT', 32),
(996138, '2835', 'ALL TERRAIN VEHICLE ADVENTURE', 32),
(986248, '2835', 'HONNINGSVAG BY BIKE', 32),
(996325, '2835', 'HONNINGSVAG BIKE TOUR', 32),
(995931, 'CMS020', 'LIFE & CULTURE IN ISAFJORD', 32),
(996035, 'CMS020', 'VIGUR ISLAND', 32),
(996036, 'CMS020', 'FJORDS & HESTEYRI BOAT TRIP', 32),
(996208, 'CMS020', 'ISAFJORD BIKE TOUR', 32),
(996221, 'CMS020', 'FJORDS & FLOWERS', 32),
(973372, 'CMS020', 'FOXES & FJORDS', 32),
(995912, 'CMS006', 'ATLANTIC OCEAN ROAD & BUD', 32),
(995965, 'CMS006', 'VALLEY OF THE TROLLS', 32),
(995966, 'CMS006', 'TOWN OF ROSES - MOLDE CITY SIGHTS', 32),
(996270, 'CMS006', 'MOLDE BIKE TOUR', 32),
(995910, '3435', 'BRIKSDALEN GLACIER', 32),
(995955, '3435', 'CRUISING THE OLDEN LAKE', 32),
(995956, '3435', 'MAJESTIC KJENNDALEN GLACIER', 32),
(995957, '3435', 'NORDFJORD PANORAMA', 32),
(989226, '3435', 'BRIKSDALEN GLACIER WITH TROLL CARS', 32),
(996320, '3435', 'OLDEN BIKE TOUR', 32),
(995917, 'CMS025', 'PANORAMIC STAVANGER', 32),
(995975, 'CMS025', 'PULPIT ROCK', 32),
(995976, 'CMS025', 'IRON AGE FARM', 32),
(995977, 'CMS025', 'MANSIONS & THE OLD TOWN', 32),
(996213, 'CMS025', 'STAVANGER BIKE TOUR', 32),
(973878, 'CMS025', 'STAVANGER HOP-ON HOP-OFF', 32),
(995928, '2841', 'THE MINSTER & THE MOLLI TRAIN', 32),
(996022, '2841', 'SCENIC BERLIN', 32),
(996023, '2841', 'BERLIN - STALIN HITLER & THE COLD W', 32),
(996024, '2841', 'ROSTOCK & THE K.G.B.', 32),
(996025, '2841', 'FLAVOURS OF ROSTOCK', 32),
(996230, '2841', 'BERLINS TOP 10', 32),
(989384, '2841', 'PANORAMIC MECKLENBURG', 32),
(989385, '2841', 'ROSTOCK BY ROAD RIVER & RAIL', 32),
(973448, '2841', 'MADE IN GERMANY', 32),
(973449, '2841', 'ROSTOCKS FAMOUS FARM', 32),
(973450, '2841', 'A BALTIC BEAUTY', 32),
(973451, '2841', 'ROSTOCKS TOP 10', 32),
(973452, '2841', 'HISTORYS DRIVING FORCE', 32),
(973453, '2841', 'BERLIN SNAPSHOT', 32),
(996318, '2841', 'WARNEMUNDE BIKE TOUR', 32),
(995846, '1636', 'FODELE & RETHYMNON', 32),
(995847, '1636', 'ELOUNDA & SPINALONGA', 32),
(986383, '1636', 'HERAKLION BIKE TOUR', 32),
(991352, '1636', 'MEET CRETE', 32),
(991354, '1636', 'KRITSA & AGHIOS NIKOLAOS', 32),
(991365, '1636', 'KNOSSOS & SHOPPING', 32),
(991501, '1636', 'TRADITIONAL CRETAN VILLAGE & KNOSSO', 32),
(992944, '1636', 'CRETAN ACTIVITIES', 32),
(982019, '1636', 'EXPLORING CRETE', 32),
(994429, '454', 'EPHESUS & THE HOUSE OF MARY - FULL ', 32),
(995639, '454', 'MILETUS & DIDYMA', 32),
(995640, '454', 'BOAT TOUR', 32),
(996128, '454', 'KUSADASI BIKE TOUR', 32),
(982609, '454', 'KUSADASI MINIVAN TRANSFER', 32),
(982610, '454', 'EPHESUS & ST. JOHN BASILICA ELITE T', 32),
(982707, '454', 'EPHESUS & TERRACE HOUSES NICHE TOUR', 32),
(982708, '454', 'EPHESUS & EPHESUS MUSEUM NICHE TOUR', 32),
(991747, '454', 'HORSE TREKKING', 32),
(991748, '454', 'EPHESUS & THE HOUSE OF MARY - HALF ', 32),
(992840, '454', 'QUAD BIKING', 32),
(992842, '454', 'AQUA FANTASY WATERPARK', 32),
(992843, '454', 'ST JOHNS & SIRINCE', 32),
(989283, '454', 'DOLPHIN SHOW', 32),
(989284, '454', 'EASY EPHESUS', 32),
(989285, '454', 'TURKISH BATHS', 32),
(994197, '655', 'VENICE ON YOUR OWN - HALF DAY', 32),
(994198, '655', 'GONDOLA & ST MARKS - HALF DAY', 32),
(994199, '655', 'GONDOLA AND EXPLORE HD', 32),
(996125, '655', 'VENICE BIKE TOUR', 32),
(991255, '655', 'MUSIC OF THE NIGHT', 32),
(991261, '655', 'GONDOLA & ST MARKS - FULL DAY', 32),
(991265, '655', 'SECRET CORNERS', 32),
(991272, '655', 'VENICE ON YOUR OWN - FULL DAY', 32),
(991276, '655', 'ISLANDS OF MURANO BURANO & ST MARKS', 32),
(989310, '655', 'VENICE FROM THE SKY', 32),
(989311, '655', 'UNKNOWN VENICE WALKING TOUR', 32),
(989312, '655', 'DISCOVERING VERONA', 32),
(989969, '655', 'EASY VENICE', 32),
(994414, '373', 'GREATEST VIEWS OF BARCELONA', 32),
(994415, '373', 'FREIXENET & MONTSERRAT', 32),
(994416, '373', 'AQUARIUM & PARK GUELL', 32),
(996107, '373', 'BARCELONA BIKE TOUR', 32),
(996197, '373', 'BARCELONA EXPLORER', 32),
(987600, '373', 'HOP ON HOP OFF BUS', 32),
(987724, '373', 'FANTASY ISLAND WATERPARK', 32),
(992330, '373', 'MONTSERRAT AND WINE TASTING', 32),
(992336, '373', 'BARCELONA BY AIR', 32),
(992344, '373', 'GAUDIS BARCELONA', 32),
(992345, '373', 'BARCELONA - EASY ON THE LEGS', 32),
(992349, '373', 'SPORTING BARCELONA', 32),
(992361, '373', 'BARCELONA CITY HIGHLIGHTS', 32),
(992362, '373', 'BARCELONA SIGHTS & SHOPPING', 32),
(992363, '373', 'GAUDIS BARCELONA & TAPAS', 32),
(992364, '373', 'BARCELONA BY BIKE', 32),
(988080, '373', 'THE BARCELONA EXPLORER', 32),
(972124, '373', 'OLD TOWN WALK', 32),
(972125, '373', 'BARCELONA AND SAGRADA FAMILIA', 32),
(981838, '373', 'DISCOVERY WALKS - BARCELONA', 32),
(973997, '373', 'HIDDEN TREASURES OF BARCELONA', 32),
(974614, '373', 'SITGES TRANSFER', 32),
(974638, '373', 'AQUARIUM & BARCELONETA BEACH', 32),
(974644, '373', 'QUICK ESCAPE TO BARCELONA', 32),
(994368, '2693', 'LA MANGA BEACH TRANSFER', 32),
(996119, '2693', 'CARTAGENA BIKE TOUR', 32),
(990601, '2693', 'CONTRASTING COASTLINES', 32),
(991836, '2693', 'CARTAGENA SHOPPING', 32),
(991847, '2693', 'ELCHE AND BOTANICAL GARDENS', 32),
(991859, '2693', 'CARAVACA DE LA LUZ', 32),
(991883, '2693', 'MAGICAL MURCIA', 32),
(991898, '2693', 'CARTAGENA PORT OF CULTURES', 32),
(988059, '2693', 'MINING LA UNION', 32),
(988060, '2693', 'MAR MENOR & WINE', 32),
(981785, '2693', 'LA MANGA BEACH TRANSFER - DNU 98178', 32),
(982172, '2693', 'EASY CARTAGENA', 32),
(974646, '2693', 'CARTAGENA BY TROLLEY TRAIN', 32),
(994402, '3441', 'THE BAYEUX TAPESTRY', 32),
(994403, '3441', 'THE CAPE OF LA HAGUE', 32),
(994404, '3441', 'D DAY LANDINGS', 32),
(994405, '3441', 'SCENIC VAL DE SAIRE', 32),
(994418, '3441', 'THE GARDENS OF CHERBOURG', 32),
(996264, '3441', 'CHERBOURG BIKE TOUR', 32),
(990432, '2867', 'LA CORUNA & BETANZOS', 32),
(990775, '2867', 'SANTIAGO DE COMPOSTELA', 32),
(973717, '2867', 'LA CORUNA', 32),
(995382, '2699', 'THE BEST OF FLORENCE', 32),
(995383, '2699', 'FLORENCE ON YOUR OWN', 32),
(995384, '2699', 'THE LEANING TOWER OF PISA', 32),
(995385, '2699', 'PORTOVENERE', 32),
(995386, '2699', 'PORTOFINO & SANTA MARGHERITA', 32),
(995387, '2699', 'PUCCINI LAKE & PISA', 32),
(995401, '2699', 'EASY PISA', 32),
(995402, '2699', 'TIGULLIAN GULF', 32),
(971472, '2699', 'THE TOWN OF SARZANA AND SHOPPING', 32),
(981841, '2699', 'DISCOVERY WALKS - FLORENCE', 32),
(981842, '2699', 'DISCOVERY WALKS - PISA', 32),
(982173, '2699', 'LA SPEZIA BIKE TOUR', 32),
(970259, '2699', 'FLORENCE & PISA', 32),
(970260, '2699', 'PISA & LUCCA', 32),
(970261, '2699', 'INSIDE THE LEANING TOWER OF PISA', 32),
(970262, '2699', 'VESPA & PISA', 32),
(970263, '2699', 'THE CASTLE OF FOSDINOVO & WINE TAST', 32),
(970264, '2699', 'MODENA & MUSEO FERRARI', 32),
(970265, '2699', 'SARZANA & PATISSERIE', 32),
(970266, '2699', 'WHITE MARBLE MOUNTAINS EXPERIENCE', 32),
(970267, '2699', 'TASTE OF SARZANA', 32),
(970478, '2699', 'CRUISE TO CINQUE TERRE', 32),
(970479, '2699', 'HIGHLIGHTS OF LUCCA', 32),
(993774, '2628', 'BARCELONA ON YOUR OWN', 32),
(993775, '2628', 'BARCELONA CITY HIGHLIGHTS', 32),
(993776, '2628', 'SPORTING BARCELONA', 32),
(993777, '2628', 'THE BEST OF COSTA BRAVA', 32),
(993778, '2628', 'THE DALI MUSEUM', 32),
(993937, '2628', 'PALS', 32),
(993938, '2628', 'GIRONA - DNU 993938', 32),
(994190, '2628', 'AQUA PARK', 32),
(994191, '2628', 'GIRONA', 32),
(994192, '2628', 'SICILIAN WINES', 32),
(996121, '2628', 'PALAMOS BIKE TOUR', 32),
(981807, '2628', 'MINI TRAIN & MEDIEVAL VILLAGES', 32),
(981890, '2628', 'DISCOVERY WALKS - BARCELONA', 32),
(993784, '282', 'SOLLER TRAIN', 32),
(993785, '282', 'INCA MARKET', 32),
(993786, '282', 'ENJOY PALMA!', 32),
(993940, '282', 'LLUCMAJOR MARKET & RANDA', 32),
(993941, '282', 'PALMA NOVA BEACH TRANSFER', 32),
(994194, '282', 'PALMA NOVA BEACH', 32),
(988065, '282', 'PALMA HOP ON HOP OFF BUS', 32),
(970044, '282', 'DRACH CAVES', 32),
(970045, '282', 'MAJORCA SHOPPING DAY', 32),
(970079, '282', 'SUN & FUN MAGALUF BEACH TRANSFER', 32),
(996317, '282', 'PALMA BIKE TOUR', 32),
(973937, '282', 'PALMA HOP-ON HOP-OFF', 32),
(993919, '3090', 'ST. TROPEZ & PORT GRIMAUD', 32),
(993920, '3090', 'CASSIS', 32),
(993921, '3090', 'BANDOL & SANARY-SUR-MER', 32),
(993922, '3090', 'AIX EN-PROVENCE', 32),
(993923, '3090', 'BORMES LES MIMOSAS', 32),
(996108, '3090', 'TOULON BIKE TOUR', 32),
(971667, '3090', 'MARSEILLE ON YOUR OWN', 32),
(971668, '3090', 'ST. TROPEZ ON YOUR OWN', 32),
(972459, '3090', 'CASTELLET & WINE TASTING', 32),
(972460, '3090', 'MARSEILLE & AIX EN PROVENCE', 32),
(993988, '3588', 'FAVIGNANA ISLAND - DNU 993988', 32),
(994195, '3588', 'FAVIGNANA BEACH', 32),
(994196, '3588', 'FAVIGNANA ISLAND - DNU 994196', 32),
(995643, '3588', 'ALCAMO - SICILIAN FOLK & FOOD TRADI', 32),
(995644, '3588', 'TASTE OF SICILY', 32),
(996122, '3588', 'TRAPANI BIKE TOUR', 32),
(991042, '3588', 'SELINUNTE AND BEACH', 32),
(991262, '3588', 'SCENIC DRIVE TO STAGNONE', 32),
(991266, '3588', 'ERICE', 32),
(992227, '3588', 'SEGESTA', 32),
(992930, '3588', 'ERICE & SEGESTA', 32),
(989320, '3588', 'ISLE OF MOZIA & MARSALA', 32),
(981628, '3588', 'CRUISING & WINE', 32),
(995919, 'CMS201', 'COPENHAGEN CITY TOUR', 32),
(995980, 'CMS201', 'COPENHAGEN CITY & CANAL BOAT CRUISE', 32),
(995981, 'CMS201', 'COPENHAGEN CITY & ICE BAR', 32),
(995982, 'CMS201', 'COPENHAGEN ON YOUR OWN', 32),
(995983, 'CMS201', 'COPENHAGEN & DRAGOER VILLAGE', 32),
(995984, 'CMS201', 'COUNTRY CASTLE & COPENHAGEN CITY', 32),
(995985, 'CMS201', 'THE GARDENS OF BIRKENGAARDEN', 32),
(995986, 'CMS201', 'COPENHAGEN & TIVOLI TRANSFER', 32),
(996209, 'CMS201', 'KALUNDBORG BIKE TOUR', 32),
(973409, 'CMS201', 'CARLSBERG BREWERY & CITY TOUR', 32),
(981915, 'CMS201', 'DISCOVERY WALKS - COPENHAGEN', 32),
(983139, '2822', 'LE HAVRE BIKE TOUR', 32),
(986266, '2822', 'BAYEUX & D DAY BEACHES', 32),
(986267, '2822', 'PARIS ON YOUR OWN', 32),
(986268, '2822', 'HONFLEUR & DEAUVILLE', 32),
(982187, '2822', 'ROUEN', 32),
(995925, '784', 'RUSSIAN BALLET', 32),
(996006, '784', 'YUSUPOV PALACE & CANAL CRUISE', 32),
(996007, '784', 'PETERHOF GRAND PALACE & HERMITAGE', 32),
(996008, '784', 'PUSHKIN & IMPERIAL ST PETERSBURG', 32),
(996009, '784', 'PUSHKIN CATHERINE PALACE & PARK', 32),
(996010, '784', 'PETERHOF GRAND PALACE & PARK', 32),
(996011, '784', 'HERMITAGE', 32),
(996012, '784', 'EVENING OF RUSSIAN SONGS & DANCES', 32),
(996013, '784', 'MAJESTIC SPILLED BLOOD CATHEDRAL & ', 32),
(996014, '784', 'NEVA CRUISE', 32),
(996015, '784', 'PETERHOF GARDENS & FOUNTAINS BY HYD', 32),
(996016, '784', 'ST PETERSBURG CATHEDRALS', 32),
(996017, '784', 'MOSCOW!', 32),
(996088, '784', 'PANORAMIC CITY TOUR OF ST PETERSBUR', 32),
(996234, '784', 'HERMITAGE & GOLD ROOM VISIT', 32),
(986249, '784', 'ST PETERSBURG BIKE TOUR', 32),
(986250, '784', 'ST PETERSBURG PRIVATE MINIVAN WITH ', 32),
(986251, '784', 'ST PETERSBURG PRIVATE MINIVAN WITH ', 32),
(986252, '784', 'CONSTANTINE PALACE - RESIDENCE OF R', 32),
(986363, '784', 'ST PETERSBURG TAXI TRANSFER- WHEELC', 32),
(988587, '784', 'PETERHOF PAVILIONS', 32),
(973458, '784', 'A NIGHT AT THE RUSSIAN BALLET', 32),
(973459, '784', 'FABULOUS FABERGE MUSEUM', 32),
(973639, '784', 'MOSCOWS KREMLIN', 32),
(993762, '2166', 'THE TOTAL ISLAND PACKAGE!', 32),
(993763, '2166', 'BEACH TRANSFER', 32),
(993764, '2166', 'ANCIENT DELOS', 32),
(993765, '2166', 'SHUTTLE BUS', 32),
(994450, '2166', 'MYKONOS 4X4 ISLAND ADVENTURE', 32),
(995390, '2166', 'EASY PANORAMIC & WINE', 32),
(996274, '2166', 'MYKONOS BIKE TOUR', 32),
(981871, '2166', 'DISCOVERY WALKS - MYKONOS', 32),
(993811, '4070', 'TASTE OF PORTO & RIVER CRUISE', 32),
(993812, '4070', 'CITY HIGHLIGHTS', 32),
(993813, '4070', 'GUIMARAES', 32),
(993814, '4070', 'SHUTTLE BUS', 32),
(993943, '4070', 'MINHO', 32),
(989475, '4070', 'PORTO BIKE TOUR', 32),
(989875, '4070', 'PORTO BY TUK TUK', 32),
(971669, '4070', 'PANORAMIC PORTO', 32),
(971670, '4070', 'PORTO SIGHTSEEING IN OLDTIMMER WITH', 32),
(971671, '4070', 'THE WORLD OF DISCOVERIES', 32),
(973870, '4070', 'PORTO HOP-ON HOP-OFF', 32),
(991021, 'L00203', 'COASTAL CHARMS', 32);
INSERT INTO `excursion` (`Excursion_ID`, `Port_ID`, `Name`, `Available_Seats`) VALUES
(993029, 'L00203', 'HIGHLIGHTS OF MONTENEGRO', 32),
(989390, 'L00203', 'TRADITIONAL KOTOR', 32),
(989391, 'L00203', 'BLUE CAVE SPEEDBOAT', 32),
(989392, 'L00203', 'LOVCEN OFF ROAD', 32),
(970085, 'L00203', 'BAY OF KOTOR SAILING', 32),
(993402, 'L00203', 'WALKING TOUR OF KOTOR', 32),
(982133, 'L00203', 'KOTOR BIKE TOUR', 32),
(993826, 'L01211', 'NORTH SHORE & PUSSERS LANDING', 32),
(993827, 'L01211', 'DOLPHIN SWIM', 32),
(993828, 'L01211', 'TORTOLA BY LAND & SEA', 32),
(993829, 'L01211', 'VIRGIN GORDA', 32),
(993830, 'L01211', 'FOREST HIKE & BEACH', 32),
(993831, 'L01211', 'DOLPHIN  OBSERVER', 32),
(993832, 'L01211', 'TOURING TORTOLA & BEACH', 32),
(993833, 'L01211', 'DOLPHIN ENCOUNTER', 32),
(993834, 'L01211', 'X-BOB', 32),
(993835, 'L01211', 'FLIGHTSEEING', 32),
(993836, 'L01211', 'DISCOVER SCUBA', 32),
(993837, 'L01211', 'CERTIFIED SCUBA', 32),
(994285, 'L01211', 'ISLAND PANORAMA', 32),
(994286, 'L01211', 'LATILLE WATERFALL AND HIKE - DO NOT', 32),
(995828, 'L01211', 'CANE GARDEN BEACH TRANSFER', 32),
(996095, 'L01211', 'TORTOLA BIKE TOUR', 32),
(987754, 'L01211', 'ROAD TOWN KAYAKING', 32),
(987755, 'L01211', 'SAILAWAY CRUISE', 32),
(987756, 'L01211', 'HISTORICAL TOUR', 32),
(996339, 'L01211', 'DISCOVER SAILING - DNU 996339', 32),
(982025, 'L01211', 'DISCOVER SAILING', 32),
(989474, 'L01215', 'POINTE-A-PITRE BIKE TOUR', 32),
(989948, 'L01215', 'PANORAMIC TOUR OF THE BUTTERFLY', 32),
(989949, 'L01215', 'HINDU TEMPLE & CARBET FALLS', 32),
(989950, 'L01215', 'JACQUES COUSTEAU RESERVE MARINE', 32),
(989951, 'L01215', 'FLORAL PARK & SEVERIN DISTILLERY', 32),
(989952, 'L01215', 'BEACH BY MOTORBOAT SHUTTLE', 32),
(989953, 'L01215', 'CREOLE COLOURS & WILD LANDSCAPES', 32),
(989954, 'L01215', 'SNORKELLING & KAYAKING AT PIGEON IS', 32),
(989955, 'L01215', 'AMAZING ECO TOUR', 32),
(989956, 'L01215', 'SCUBA DIVING IN JACQUES COUSTEAU RE', 32),
(989957, 'L01215', 'CREOLE FIESTA', 32),
(972491, 'L01215', 'BOTANICAL GARDEN AND DESHAIES BEACH', 32),
(993787, 'L01218', 'ST MAARTEN ISLAND TOUR', 32),
(993788, 'L01218', 'AFTERNOON AT THE BEACH', 32),
(993789, 'L01218', 'BUTTERFLY FARM & MARIGOT', 32),
(993790, 'L01218', 'SEAWORLD EXPLORER', 32),
(993791, 'L01218', 'RHINO RIDERS', 32),
(993792, 'L01218', 'AMERICAS CUP SAILING REGATTA', 32),
(993793, 'L01218', 'HIDDEN FOREST HIKE', 32),
(993794, 'L01218', 'CERTIFIED SCUBA DIVE', 32),
(993795, 'L01218', 'DISCOVER SCUBA DIVE', 32),
(994291, 'L01218', 'GOLDEN EAGLE CATAMARAN SAILAWAY', 32),
(994292, 'L01218', 'POWER RAFTING ADVENTURE - MULLET BA', 32),
(994830, 'L01218', 'SEA & SEE', 32),
(996094, 'L01218', 'ST MAARTEN BIKE TOUR', 32),
(987753, 'L01218', 'MADE IN PARADISE', 32),
(989540, 'L01218', 'SCENIC COASTAL HIKE', 32),
(989541, 'L01218', 'LAGOON KAYAKING ADVENTURE', 32),
(989542, 'L01218', 'FAMILY BOOGIE BOARDING AT ORIENT BE', 32),
(989543, 'L01218', 'ADVENTURE ST MAARTEN - THE RACE', 32),
(989620, 'L01218', 'GOLDEN EAGLE CATAMARAN SAIL & SNORK', 32),
(989621, 'L01218', 'ULTIMATE BEACH & SNORKEL BY POWER B', 32),
(989811, 'L01218', 'HARLEY IN PARADISE', 32),
(971475, 'L01218', 'PINEL ISLAND ECO TOUR', 32),
(972663, 'L01218', 'OPEN TOP DOUBLE DECKER TOUR', 32),
(972664, 'L01218', 'HISTORICAL PHILIPSBURG BY TROLLEY T', 32),
(993916, '4448', 'OIA VILLAGE', 32),
(993917, '4448', 'VOLCANO & THERMAL SPRINGS', 32),
(993918, '4448', 'SCUBA DIVING', 32),
(983163, '4448', 'THIRA BIKE TOUR', 32),
(990970, '4448', 'CALDERA BBQ CRUISE (THIRA)', 32),
(990972, '4448', 'SANTORINI IMPRESSIONS (THIRA)', 32),
(990974, '4448', 'SANTORINI UNCORKED (THIRA)', 32),
(990976, '4448', 'HIDDEN SANTORINI - MEGALOCHORI & PY', 32),
(990978, '4448', 'SNORKELLING', 32),
(970605, '4448', 'PANORAMIC SANTORINI', 32),
(970606, '4448', 'SANTORINI BEACH BREAK', 32),
(974613, '4448', 'SUN SAND AND SANTORINI', 32),
(994755, '4668', 'TULUM MAYAN RUINS & BEACH', 32),
(994756, '4668', 'COZUMEL HIGHLIGHTS', 32),
(994757, '4668', 'CHANKANAAB MARINE PARK & DISCOVER M', 32),
(994758, '4668', 'SPEED BOAT BEACH ESCAPE', 32),
(994759, '4668', 'ATV & BEACH ADVENTURE', 32),
(994760, '4668', 'XEL-HA NATURAL WONDERS', 32),
(994761, '4668', 'XCARET ECO PARK', 32),
(994762, '4668', 'COZUMEL CULTURAL EXPERIENCE', 32),
(994828, '4668', 'DOLPHIN FAMILY ADVENTURE ALL INCLUS', 32),
(995317, '4668', 'DOLPHIN SWIM & RIDE ALL INCLUSIVE', 32),
(987310, '4668', 'COZUMEL BIKE TOUR', 32),
(987610, '4668', 'CHICHEN ITZA MAYAN RUINS', 32),
(987611, '4668', 'TULUM & XEL-HA', 32),
(987612, '4668', 'CLEAR KAYAK ADVENTURE', 32),
(987613, '4668', 'SCOOT COUPE', 32),
(987614, '4668', '3 REEF SNORKEL BY BOAT', 32),
(970080, '4668', 'DOLPHIN OBSERVER ALL INCLUSIVE', 32),
(973090, '4668', 'SEGWAY AND BEACH', 32),
(971156, '4668', 'MINI SPEED BOAT SNORKEL & BEACH EXP', 32),
(993723, '5186', 'THE LEANING TOWER OF PISA', 32),
(993724, '5186', 'FLORENCE & PISA', 32),
(993725, '5186', 'FLORENCE ON YOUR OWN', 32),
(993726, '5186', 'PUCCINI LAKE & PISA', 32),
(993727, '5186', 'A TASTE OF TUSCANY', 32),
(993728, '5186', 'CARRARA MARBLE', 32),
(994449, '5186', 'EASY PISA', 32),
(990330, '5186', 'THE MEDIEVAL TOWN OF LUCCA', 32),
(971677, '5186', 'PORTOFINO AND SANTA MARGHERITA ON Y', 32),
(971758, '5186', 'MARINA DI CARRARA BIKE TOUR', 32),
(981843, '5186', 'DISCOVERY WALKS - FLORENCE', 32),
(981844, '5186', 'DISCOVERY WALKS - PISA', 32),
(989664, '5741', 'A STROLL IN SAN REMO', 32),
(989665, '5741', 'SAN REMO & DOLCEACQUA', 32),
(989666, '5741', 'SAN REMO & DOLCEACQUA WITH WINE TAS', 32),
(989667, '5741', 'MONACO & MONTE CARLO', 32),
(989731, '5741', 'MONACO EASY GOING', 32),
(989732, '5741', 'ENCHANTING NICE', 32),
(970714, '5741', 'SAN REMO BIKE TOUR', 32),
(970739, '5741', 'DOLCEACQUA & PIGNA', 32),
(970740, '5741', 'NIZZA MONACO & MONTE CARLO', 32),
(970741, '5741', 'EZE MONACO & MONTE CARLO', 32),
(970802, '5741', 'MENTON MONACO & MONTE CARLO', 32),
(973996, '5741', 'NICE AND EZE', 32),
(994164, '6233', 'BEACH BREAK & SNORKEL', 32),
(994165, '6233', 'ST PIERRE & RUM DISTILLERY', 32),
(994166, '6233', 'ENCHANTING GARDENS', 32),
(994167, '6233', 'KAYAKING MANGROVES', 32),
(994168, '6233', '4X4 DEEP ADVENTURE', 32),
(994169, '6233', 'BAMBOU FULL DAY', 32),
(994170, '6233', 'HISTORIC PLANTATION & TROPICAL GARD', 32),
(994171, '6233', 'HIKING IN TROPICAL FOREST', 32),
(994172, '6233', 'HELICOPTER ESCAPE', 32),
(973088, '6233', 'SOUTH PANORAMIC AND BEACH', 32),
(973089, '6233', 'BEACH AND TURTLES', 32),
(993897, '2049', 'RHUM RUNNER', 32),
(993898, '2049', 'DISCOVER GRENADA', 32),
(993899, '2049', 'HIKE TO SEVEN SISTERS', 32),
(993900, '2049', 'STARWIND SNORKELLING', 32),
(993901, '2049', 'RIVER TUBING', 32),
(993902, '2049', 'CLEAR BOTTOM KAYAKING', 32),
(993976, '2049', 'HIGHLIGHTS OF GRENADA', 32),
(993977, '2049', '4X4 ADVENTURE', 32),
(994525, '2049', 'THE SPICE ISLAND', 32),
(995851, '2049', 'HIGHLIGHTS OF ST GEORGES', 32),
(996099, '2049', 'GRENADA BIKE TOUR', 32),
(982162, '2049', 'POWER BOAT & SNORKEL', 32),
(971070, '2049', 'ECO TREK TO BAMBOO FALL', 32),
(995403, '2695', 'CARCASSONNE', 32),
(995404, '2695', 'MONTPELLIER', 32),
(995405, '2695', 'NIMES & PONT DE GARD', 32),
(995406, '2695', 'SCENIC SETE & THE THAU LAGOON', 32),
(995407, '2695', 'AIGUES MORTES', 32),
(995408, '2695', 'MEDIEVAL PEZENAS', 32),
(970253, '2695', 'SETE BIKE TOUR', 32),
(993821, '931', 'LINDOS & ACROPOLIS', 32),
(993822, '931', 'RHODES', 32),
(993823, '931', 'FILERIMOS & CITY TOUR', 32),
(993824, '931', 'FALIRAKI BEACH', 32),
(993825, '931', 'UNDERWATER SAFARI', 32),
(993968, '931', 'LINDOS TRANSFER BY BOAT', 32),
(993969, '931', 'TSAMBIKA BEACH', 32),
(995641, '931', 'RHODES WALKING TOUR', 32),
(995642, '931', 'DISCOVER RHODES', 32),
(970083, '931', 'EXPLORE RHODES', 32),
(970084, '931', 'LINDOS TRANSFER BY BUS', 32),
(996315, '931', 'RHODES BIKE TOUR', 32),
(981870, '931', 'DISCOVERY WALKS - RHODES', 32),
(994816, 'L15621', 'ANIMAL SCUBA ENCOUNTER', 32),
(994817, 'L15621', 'SUNKEN TUGBOAT & SNORKEL TRIP BY BO', 32),
(994818, 'L15621', 'DOLPHIN SWIM', 32),
(994819, 'L15621', 'WILLEMSTAD TROLLEY TRAIN TOUR', 32),
(994820, 'L15621', 'OSTRICH FARM & SIGHTSEEING', 32),
(994821, 'L15621', 'ANIMAL ENCOUNTER SNORKEL', 32),
(994822, 'L15621', 'SEA AQUARIUM OBSERVERS ADMISSION', 32),
(994823, 'L15621', 'JET SKI COASTAL ADVENTURE', 32),
(994824, 'L15621', 'KAYAK & SNORKELLING', 32),
(994825, 'L15621', 'DISCOVER CURACAO ISLAND TOUR', 32),
(994826, 'L15621', 'BEACH BREAK BY BOAT', 32),
(994827, 'L15621', 'DOLPHIN ENCOUNTER', 32),
(994834, 'L15621', 'DOLPHIN OBSERVER', 32),
(996101, 'L15621', 'CURACAO BIKE TOUR', 32),
(987707, 'L15621', 'CURACAO COUNTRY DRIVE', 32),
(971474, 'L15621', 'CURACAO SPEED BOAT ADVENTURE', 32),
(982147, 'L15621', 'SEA & SEE ISLAND TOUR', 32),
(974656, 'L15621', 'CURACAO SEAWORLD EXPLORER', 32),
(994797, 'L15647', 'ROATAN WEST ISLAND TOUR', 32),
(994798, 'L15647', 'WEST ISLAND TOUR & SEMISUBMARINE', 32),
(994799, 'L15647', 'WEST BAY KAYAK & SNORKEL ADVENTURE', 32),
(994800, 'L15647', 'DOLPHIN BEACH ENCOUNTER AT ANTHONY ', 32),
(994801, 'L15647', 'BEACH & SNORKELLING', 32),
(994802, 'L15647', 'WEST ISLAND TOUR & ZIPLINE ADVENTUR', 32),
(994803, 'L15647', 'DOLPHIN SCUBA DIVE ADVENTURE', 32),
(994804, 'L15647', 'MAYA ISLAND KEY PRIVATE RETREAT', 32),
(994805, 'L15647', 'DISCOVER SCUBA DIVING AT ROATAN', 32),
(994806, 'L15647', 'CERTIFIED DIVE IN ROATAN REEF', 32),
(989947, 'L15647', 'CATAMARAN CRUISE & SNORKEL', 32),
(970800, 'L15647', 'DOLPHIN SNORKEL ADVENTURE', 32),
(970824, 'L15647', 'ROATAN BIKE TOUR', 32),
(994811, 'L15649', 'SANTA MARTA CITY TOUR', 32),
(994812, 'L15649', 'TAYRONA PARK ADVENTURE', 32),
(994813, 'L15649', 'TASTE OF TAYRONA PARK', 32),
(994814, 'L15649', 'QUEBRADA VALENCIA ECOLOGICAL EXPERI', 32),
(994815, 'L15649', 'IROTAMA BEACH RESORT DAY PASS', 32),
(995860, 'L15649', 'A PANORAMIC TASTE OF SANTA MARTA', 32),
(995861, 'L15649', 'HISTORY & HERITAGE - CITY & WALKING', 32),
(995862, 'L15649', 'TAYRONA NATIONAL PARK & BEACH', 32),
(995863, 'L15649', 'VAMOS A LA PLAYA! COLOMBIAN BEACH D', 32),
(995864, 'L15649', 'COLONIAL BANANA PLANTATION & DANCE ', 32),
(970851, 'L15649', 'THE HISTORY GOLD AND COLOUR OF SANT', 32),
(970852, 'L15649', 'A TASTE OF SANTA MARTA', 32),
(970854, 'L15649', 'THE WILD BEAUTY OF TAYRONA NATIONAL', 32),
(970855, 'L15649', 'COLUMBIAN COUNTRYSIDE AND INDIGENOU', 32),
(970856, 'L15649', 'VICTORIAN COLUMBIAN COFFEE HACIENDA', 32),
(970857, 'L15649', 'SANTA MARTA BEACH DAY', 32),
(970858, 'L15649', 'SALSA MARTA!', 32),
(970859, 'L15649', 'COFFEE CUPPING TASTY BITES AND FOLK', 32),
(970860, 'L15649', 'SNORKEL SANTA MARTA', 32),
(994746, 'L15650', 'BACALAR HIGHLIGHTS & 7 COLOURS LAGO', 32),
(994747, 'L15650', 'KOHUNLICH & DZIBANCHE MAYAN RUINS C', 32),
(994748, 'L15650', 'BEACH POWER SNORKEL', 32),
(994749, 'L15650', 'ATV JUNGLE & BEACH ADVENTURE', 32),
(994750, 'L15650', 'SNUBA ADVENTURE', 32),
(994751, 'L15650', 'COSTA MAYA - OFF ROAD ADVENTURE', 32),
(994752, 'L15650', 'BEACH SNORKEL', 32),
(994753, 'L15650', 'BIOMAYA CANOPY ADVENTURE', 32),
(994754, 'L15650', 'UCHBEN KAH ECO PARK', 32),
(989966, 'L15650', 'CLEAR BOTTOM KAYAK & BEACH BREAK', 32),
(989967, 'L15650', 'SEGWAY ADVENTURE & BEACH BREAK', 32),
(989968, 'L15650', 'JAGUAR TRUCK MAYAN ADVENTURE EXPEDI', 32),
(994773, 'L15663', 'BEQUIA BY CATAMARAN', 32),
(994774, 'L15663', 'ST VINCENT ISLAND HIGHLIGHTS', 32),
(994775, 'L15663', 'GARDENS OF ST VINCENT', 32),
(994776, 'L15663', 'CARIBBEAN PIRATES SAILAWAY', 32),
(994777, 'L15663', 'DOLPHIN WATCH', 32),
(994778, 'L15663', 'KAYAK & SNORKEL ADVENTURE', 32),
(994779, 'L15663', 'VERMONT VALLEY PARROT NATURE TRAIL', 32),
(994780, 'L15663', 'SOUFRIERE VOLCANO HIKE', 32),
(994781, 'L15663', 'AQUA TERRA - WATERFALL & COASTAL TO', 32),
(995294, 'L15663', 'WATERFALLS & COAST', 32),
(995829, 'L15663', 'DARK VIEW FALLS', 32),
(996098, 'L15663', 'ST VINCENT BIKE TOUR', 32),
(987606, 'L15663', 'AQUA TERRA', 32),
(982141, 'L15663', 'MUSTIQUE MAGIC', 32),
(993700, '2112', 'TAROUDANT', 32),
(993701, '2112', 'SOUK & FANTASIA', 32),
(993702, '2112', 'KASBAT SOUSS & SOUK SHOPPING', 32),
(993703, '2112', 'MASSA 4X4', 32),
(993704, '2112', 'MAGICAL MARRAKECH', 32),
(993705, '2112', 'AGADIR HORSE & CARRIAGE', 32),
(993706, '2112', 'BEACH TOUR', 32),
(993707, '2112', 'AGADIR ORIENTATION', 32),
(993991, '2112', 'MOROCCAN HIGHLIGHTS - DNU 993991', 32),
(993992, '2112', 'AGADIR HORSE AND CARRIAGE - DNU 993', 32),
(993993, '2112', 'SHIPS OF THE DESERT - DNU 993993', 32),
(994361, '2112', 'BERBER CITADEL', 32),
(994362, '2112', 'TREKKING IN IMMOUZZER NATIONAL PARK', 32),
(994363, '2112', 'DUNES & RAMPARTS', 32),
(996092, '2112', 'AGADIR BIKE TOUR', 32),
(993018, '2112', 'AGADIR HORSE AND CARRIAGE - DNU 993', 32),
(989143, '2112', 'AGADIR GOLF PACKAGE', 32),
(993437, '2112', 'MOROCCAN HIGHLIGHTS - DNU 993437', 32),
(993438, '2112', 'SHIPS OF THE DESERT - DNU 993438', 32),
(995865, 'L21485', 'PANAMA CANAL TOUR', 32),
(995866, 'L21485', 'GATUN LOCKS & FORMER CANAL ZONE', 32),
(995867, 'L21485', 'TWO OCEANS BY RAILROAD', 32),
(995868, 'L21485', 'PANAMA CITY TOUR', 32),
(995869, 'L21485', 'EMBERA INDIAN VILLAGE', 32),
(995870, 'L21485', 'AERIAL TRAM & ECOLOGICAL ENCOUNTER', 32),
(995871, 'L21485', 'KAYAKING AT THE PANAMA CANAL', 32),
(989928, 'L21485', 'GATUN LAKE KAYAK & ECO ADVENTURE', 32),
(989929, 'L21485', 'ECO CRUISE ON GATUN LAKE & NEW LOCK', 32),
(989930, 'L21485', 'PANAMA CANAL RAILWAY & LOCKS BY DOM', 32),
(989931, 'L21485', 'PANAMA CANAL RAILWAY & LOCKS BY STA', 32),
(970827, 'L21485', 'COLON BIKE TOUR', 32),
(974511, 'L21485', 'VISIT THE PANAMA CANAL', 32),
(974537, 'L21485', 'PANORAMIC PANAMA CANAL', 32),
(974538, 'L21485', 'OLD AND NEW PANAMA', 32),
(995872, 'L21487', 'VERAGUA RAINFOREST EXPERIENCE', 32),
(995873, 'L21487', 'ADVENTURE CANAL & VERAGUA RAINFORES', 32),
(995874, 'L21487', 'COSTA RICAN AMAZONS RIVER TOUR', 32),
(995875, 'L21487', 'RAINFOREST AERIAL TRAM & ECO WALK', 32),
(995876, 'L21487', 'SLOTH SANCTUARY & CANOE ADVENTURE', 32),
(995877, 'L21487', 'COSTA FLORES TROPICAL GARDENS', 32),
(995878, 'L21487', 'PINEAPPLE PLANTATION EXPERIENCE', 32),
(995879, 'L21487', 'CANOPY TOUR ZIPLINE ADVENTURE', 32),
(995880, 'L21487', 'CANOPY TOUR ZIPLINE ADVENTURE & TOR', 32),
(995881, 'L21487', 'TROPICAL CATTLE RANCH RAINFOREST HO', 32),
(999057, 'L21487', 'RAINFOREST JITNEY RIDE & BANANA PLA', 32),
(999058, 'L21487', 'BEACH BREAK & PUERTO VIEJO SHOPPING', 32),
(989970, 'L21487', 'SLOTH SANCTUARY & BANANA PLANTATION', 32),
(972668, 'L21487', 'CARIBBEAN CACAO EXPERIENCE', 32),
(972669, 'L21487', 'TORTUGUERO CANALS', 32),
(973056, 'L21487', 'VERAGUA RAINFOREST & CANOPY ADVENTU', 32),
(970826, 'L21487', 'PUERTO LIMON BIKE TOUR', 32),
(971112, 'L21487', 'RESCUE CENTRE & BOAT RIDE', 32),
(971113, 'L21487', 'RESCUE CENTRE & BANANA PLANTATION', 32),
(971114, 'L21487', 'CARIBBEAN EXPERIENCE', 32),
(974489, 'L21487', 'COSTA RICA BY RAIL AND CANAL', 32),
(974490, 'L21487', 'RAINFOREST BY MONSTER BUS', 32),
(995852, 'L21521', 'HISTORIC CARTAGENA - OLD CITY WALKI', 32),
(995853, 'L21521', 'CARTAGENA PANORAMIC SIGHTSEEING', 32),
(995854, 'L21521', 'COLONIAL ARCHITECTURE & MUSEUMS', 32),
(995855, 'L21521', 'CARTAGENA BY HORSE & CARRIAGE', 32),
(995856, 'L21521', 'MANGROVE & SWAMP ECO TOUR', 32),
(995857, 'L21521', 'BAY CRUISE BY GALLEON', 32),
(995858, 'L21521', 'ROSARIO ISLAND TOUR', 32),
(995859, 'L21521', 'COUNTRYSIDE & MUD VOLCANO', 32),
(989978, 'L21521', 'SCENES OF CARTAGENA', 32),
(989979, 'L21521', 'CHIVA PARTY BUS', 32),
(972660, 'L21521', 'ISLETA RESORT ISLAND DAY PASS', 32),
(972661, 'L21521', 'NATIONAL COLUMBIAN AVIARY', 32),
(970825, 'L21521', 'CARTAGENA BIKE TOUR', 32),
(974539, 'L21521', 'HISTORIC CARTAGENA', 32),
(994782, '534', 'OCHO RIOS & DUNNS RIVER FALLS', 32),
(994783, '534', 'RAFTING ON THE MARTHA BRAE', 32),
(994784, '534', 'CATAMARAN SAIL & SNORKEL & DRS CAVE', 32),
(994785, '534', 'THE GREAT HOUSES OF MONTEGO BAY', 32),
(994786, '534', 'BLACK RIVER SAFARI CROCODILE MUSEUM', 32),
(994787, '534', 'THE RIVERWALK AT MAYFIELDS', 32),
(994788, '534', 'GREAT RIVER KAYAK ADVENTURE', 32),
(994789, '534', 'HORSEBACK RIDE & SWIM AT BRACO ESTA', 32),
(994790, '534', 'JAMAICA BOBSLED DUNNS RIVER & ZIPLI', 32),
(994871, '534', 'NOEL COWARDS FIREFLY & DUNNS RIVER ', 32),
(994872, '534', 'TRANOPY ADVENTURE', 32),
(987728, '534', 'MONTEGO BAY BIKE TOUR', 32),
(988031, '534', 'DUNNS RIVER FALLS EXPRESS', 32),
(988032, '534', 'BOBSLED JAMAICA & DUNNS RIVER FALLS', 32),
(988034, '534', 'MONTEGO BAY HIGHLIGHTS & ROSE HALL ', 32),
(989971, '534', 'HOP ON HOP OFF SHUTTLE SERVICE - BE', 32),
(971807, '534', 'CHUKKA HORSEBACK RIDE AND SWIM', 32),
(971808, '534', 'CHUKKA JUNGLE RIVER TUBING', 32),
(971809, '534', 'CHUKKA ZIPLINE CANOPY & TUBING COMB', 32),
(971157, '534', 'HIGH TEA AT GOOD HOPE ESTATE', 32),
(971158, '534', 'CHUKKA ZIPLINE CANOPY ADVENTURE', 32),
(995941, 'L23103', 'LOCH NESS & URQUHART CASTLE RUINS', 32),
(996071, 'L23103', 'DUNROBIN CASTLE GARDENS & FALCONRY ', 32),
(996072, 'L23103', 'GLENMORANGIE DISTILLERY & DORNOCH', 32),
(996073, 'L23103', 'SEALIFE ECOVENTURE IN R.I.B.', 32),
(996074, 'L23103', 'CAWDOR CASTLE & CULLODEN MOOR', 32),
(996075, 'L23103', 'SCENIC MOORLAND DRIVE SHIN FALLS & ', 32),
(996076, 'L23103', 'PHOTOGRAPHY EXPEDITION IN THE SCOTT', 32),
(996077, 'L23103', 'AFTERNOON TEA WITH A CLAN CHIEF', 32),
(996268, 'L23103', 'INVERGORDON BIKE TOUR', 32),
(987737, 'L24561', 'PANORAMIC FUERTEVENTURA', 32),
(996332, 'L24561', 'HEART OF FUERTEVENTURA', 32),
(996333, 'L24561', '4X4 ADVENTURE', 32),
(996334, 'L24561', 'CORRALEJO TRANSFER', 32),
(996335, 'L24561', 'ALOE VERA FARM WORKSHOP', 32),
(996336, 'L24561', 'WALKING TOUR', 32),
(996337, 'L24561', 'TRIKES WITH COOL RUNNINGS', 32),
(996338, 'L24561', 'SCUBA DIVE', 32),
(982131, 'L24561', 'FUERTEVENTURA BIKE TOUR', 32),
(982142, 'L24561', 'CATAMARAN CRUISE', 32),
(987267, 'CMS105', 'CRUISING THROUGH THE SUEZ CANAL', 32),
(986285, 'L26343', 'KRISTIANSUND BIKE TOUR', 32),
(986286, 'L26343', 'THE ATLANTIC OCEAN ROAD & STAVE CHU', 32),
(986287, 'L26343', 'HIGHLIGHTS OF KRISTIANSUND', 32),
(989167, 'L26343', 'THE SUND BOAT', 32),
(989168, 'L26343', 'KRISTIANSUND TOWN WALK', 32),
(989169, 'L26343', 'ATLANTIC ROAD AND BERGTATT', 32),
(987286, 'L27684', 'HORTA BIKE TOUR', 32),
(988013, 'L27684', 'ISLAND SCENIC DRIVE', 32),
(988014, 'L27684', 'WHALERS & SAILORS', 32),
(988015, 'L27684', 'SCENIC DRIVE & VOLCANO INTERPRETATI', 32),
(988016, 'L27684', 'FAIAL 4X4', 32),
(988017, 'L27684', 'SWIMMING WITH DOLPHINS', 32),
(987313, 'L27685', 'PONTA DELGADA BIKE TOUR', 32),
(988001, 'L27685', 'FURNAS & COZIDO DAS CALDEIRAS', 32),
(988002, 'L27685', 'SIGHTS & SOUNDS OF SAO MIGUEL', 32),
(988003, 'L27685', 'THE CULTURE & FLAVOUR OF THE AZORES', 32),
(988004, 'L27685', 'SETE CIDADES & WINE TASTING', 32),
(988005, 'L27685', 'CRATER LAKE SCENIC DRIVE', 32),
(988006, 'L27685', '4X4 TOUR OF THE WESTERN EDGE', 32),
(988007, 'L27685', 'WHALE & DOLPHIN WATCHING BY R.I.B.', 32),
(988009, 'L27685', 'CANYONING', 32),
(987289, 'L27691', 'BONAIRE BIKE TOUR', 32),
(987332, 'L27691', 'BONAIRE HIGHLIGHTS & CULTURE EXPLOR', 32),
(987333, 'L27691', 'CATAMARAN SAILING ON THE MUSHI MUSH', 32),
(987334, 'L27691', 'CLEAR BOTTOM KAYAK & SNORKEL', 32),
(987335, 'L27691', 'BONAIRE 4X4', 32),
(987336, 'L27691', 'CITY TOUR FUN BY ECO POWERED TUK-TU', 32),
(987337, 'L27691', 'PALM BEACH REEF SNORKEL', 32),
(987338, 'L27691', 'CACTUS - CULTURE & CUISINE NICHE TO', 32),
(987339, 'L27691', 'PRIVATE MINIVAN - ISLAND TOUR', 32),
(987340, 'L27691', 'MANGROVE ECO CRUISE BY RIB AT LAC B', 32),
(987341, 'L27691', 'BONAIRE MARINE PARK SCUBA DIVE', 32),
(987342, 'L27691', 'BONAIRE DISCOVER SCUBA DIVE', 32),
(987343, 'L27691', 'BUTTERFLY ECO GARDEN & TASTE OF BON', 32),
(987344, 'L27691', 'NATURE WALKING TRAIL', 32),
(987345, 'L27691', 'SPORTS FISHING CHARTER', 32),
(987573, 'L27691', 'WATER TRANSFER TO KLEIN BONAIRE', 32),
(987593, 'L27691', 'HIGHLIGHTS & CULTURE EXPLORER - WHE', 32),
(989975, 'L27691', 'TRY SCUBA DIVING', 32),
(989976, 'L27691', 'QUALIFIED SCUBA DIVE BY BOAT', 32),
(989977, 'L27691', 'TWO TANK QUALIFIED SCUBA DIVE FROM ', 32),
(971473, 'L27691', 'BONAIRE MARINE PARK GLASS BOTTOM BO', 32),
(972476, 'L27691', 'SEMI SUB AQUASPACE', 32),
(972477, 'L27691', 'ARAWAK OFF ROAD SAFARI', 32),
(972478, 'L27691', 'EAST COAST ATV EXPERIENCE', 32),
(972479, 'L27691', 'SAILING CRUISE AND SNORKEL', 32),
(972480, 'L27691', 'CHILL OUT AT COCO BEACH', 32),
(974643, 'L27691', 'BONAIRE BY TROLLEY TRAIN', 32),
(994445, '465', 'BEST OF DUBROVNIK', 32),
(995636, '465', 'CROATIAN BEAUTY - KONAVLE VALLEY VI', 32),
(996127, '465', 'DUBROVNIK BIKE TOUR', 32),
(982606, '465', 'MINI TRAIN IN KONAVLE VALLEY', 32),
(982607, '465', 'PANORAMIC KONAVLE', 32),
(982608, '465', 'OLD CUSTOMS OF DUBROVNIK', 32),
(990551, '465', 'MEDIEVAL DUBROVNIK ON FOOT', 32),
(991012, '465', 'FLIGHT PANORAMA', 32),
(991015, '465', '4X4 ADVENTURE', 32),
(991829, '465', 'TRSTENO & STON', 32),
(991852, '465', 'DUBROVNIK & LOPUD ISLAND', 32),
(991858, '465', 'MEDIEVAL DUBROVNIK', 32),
(991865, '465', 'CITY WALLS KAYAKING', 32),
(991868, '465', 'ELAPHITE ISLANDS WITH MUSIC', 32),
(970081, '465', 'SUNSET CRUISE', 32),
(970082, '465', 'DUBROVNIK CITY WALK & CABLE CAR', 32),
(971692, '465', 'KINGS LANDING GAME OF THRONES LOCAT', 32),
(971693, '465', 'CABLE CAR AT NIGHT', 32),
(971694, '465', 'ADRIATIC PEARL AND KINGS LANDING', 32),
(981873, '465', 'DISCOVERY WALKS - DUBROVNIK', 32),
(996228, 'L29482', 'SPARKLING AMSTERDAM', 32),
(996263, 'L29482', 'AMSTERDAM BIKE TOUR', 32),
(986254, 'L29482', 'AMSTERDAM ON YOUR OWN', 32),
(986364, 'L29482', 'AMSTERDAM & CANAL CRUISE', 32),
(986365, 'L29482', 'VAN GOGH & AMSTERDAM', 32),
(986366, 'L29482', 'WINDMILLS CLOGGS & CHEESE!', 32),
(986370, 'L29482', 'THE ANNE FRANKS HOUSE & CITY TOUR', 32),
(986371, 'L29482', 'IJMUIDEN TAXI TRANSFER 4HRS', 32),
(986372, 'L29482', 'IJMUIDEN TAXI TRANSFER 8HRS', 32),
(989028, 'L29646', 'FREDRIKSTAD BIKE TOUR', 32),
(989081, 'L29646', 'FREDRIKSTAD ON FOOT', 32),
(989082, 'L29646', 'THE HVALER ISLANDS', 32),
(989083, 'L29646', 'THE ANCIENT ROUTE & THE FORTIFIED T', 32),
(989309, 'L29646', 'OSLO CITY TOUR', 32),
(989026, '2834', 'LEKNES BIKE TOUR', 32),
(989245, '2834', 'TREASURES OF LOFOTEN', 32),
(989246, '2834', 'LEISURELY LOFOTEN', 32),
(989330, '2834', 'LOFOTR VIKING CENTRE', 32),
(989331, '2834', 'HIKING TJORNDALEN', 32),
(986265, 'CMS004', 'LA ROCHELLE & COGNAC', 32),
(986337, 'CMS004', 'LA ROCHELLE BIKE TOUR', 32),
(986339, 'CMS004', 'LA ROCHELLE & THE ISLAND OF RE', 32),
(982156, 'CMS004', 'DISCOVER THE GREEN VENICE', 32),
(982157, 'CMS004', 'THE ISLAND OF RE', 32),
(982158, 'CMS004', 'SAINTES & THE SLEEPING BEAUTYS CAST', 32),
(982159, 'CMS004', 'SAINTES & COGNAC', 32),
(989346, '4263', 'BEQUIA COASTAL CRUISE', 32),
(989347, '4263', 'MUSTIQUE MAGIC', 32),
(989348, '4263', 'BEQUIA BOAT ADVENTURE', 32),
(989349, '4263', 'BEQUIA HIGHLIGHTS', 32),
(989350, '4263', 'BEQUIA SAILING TOUR', 32),
(989351, '4263', 'BEQUIA CATAMARAN TOUR', 32),
(989352, '4263', 'BEQUIA SCENIC TOUR', 32),
(989353, '4263', 'PICTURE PERFECT BEQUIA', 32),
(989354, '4263', 'SCENES OF BEQUIA WITH BEACH', 32),
(971166, '4263', 'BEQUIA BIKE TOUR', 32),
(971207, '4263', 'CARIBBEAN PIRATES SAILAWAY', 32),
(989959, '4404', 'AIRBOAT ADVENTURE TOUR', 32),
(989960, '4404', 'LAMANAI TEMPLES & RIVER CRUISE', 32),
(989961, '4404', 'CRYSTAL CAVE TUBING EXPLORATION & Z', 32),
(989962, '4404', 'BELIZE CAVE TUBING', 32),
(989963, '4404', 'HOWLER MONKEY SANCTUARY TOUR', 32),
(989964, '4404', 'ALTUN HA & CITY HIGHLIGHTS', 32),
(972488, '4404', 'BELIZE WILDLIFE RIVER TOUR', 32),
(972489, '4404', 'MAYAN PALACE AND MARIMBA MUSIC', 32),
(972490, '4404', 'OLDE BELIZE EXHIBIT AND KUKUMBA BEA', 32),
(971066, '4404', 'BELIZE RUM TASTING & CULTURAL SHOW', 32),
(996340, 'L24601', 'SCENIC LA GOMERA', 32),
(996341, 'L24601', 'LA GOMERA ISLAND HIGHLIGHTS', 32),
(996342, 'L24601', 'IN THE FOOTSTEPS OF COLUMBUS', 32),
(996343, 'L24601', 'MYSTERY & NATURE', 32),
(996344, 'L24601', 'GRAN REY VALLEY', 32),
(996345, 'L24601', 'EL CEDRO FOREST HIKE', 32),
(982132, 'L24601', 'LA GOMERA BIKE TOUR', 32),
(983138, 'L25263', 'LERWICK BIKE TOUR', 32),
(986293, 'L25263', 'SCENERY OF WESTERN SHETLAND', 32),
(986294, 'L25263', 'NORTH SHETLAND PANORAMA', 32),
(986295, 'L25263', 'JARLSHOF & SCENIC MAINLAND DRIVE', 32),
(986296, 'L25263', 'MOUSA ISLAND DISCOVERY', 32),
(986297, 'L25263', 'LERWICK WALKING TOUR & FORT CHARLOT', 32),
(986298, 'L25263', 'LERWICK BY BIKE', 32),
(986288, 'L25266', 'NIGARDSBREEN GLACIER', 32),
(986289, 'L25266', 'JOTUNHEIMEN NATIONAL PARK', 32),
(986290, 'L25266', 'SOGNEFJELL MOUNTAIN SCENERY', 32),
(986291, 'L25266', 'URNES STAVE CHURCH - WORLD HERITAGE', 32),
(986292, 'L25266', 'SKJOLDEN BIKE TOUR', 32),
(988985, 'L29645', 'INTRODUCTION TO HAUGESUND & SURROUN', 32),
(988986, 'L29645', 'ARQUEBUS DEFENCE MUSEUM', 32),
(988987, 'L29645', 'ST OLAVS CHURCH & VIKING VILLAGES', 32),
(988988, 'L29645', 'ST OLAVS CHURCH & COPPER MINE', 32),
(988989, 'L29645', 'SCENIC SKUDENESHAVEN', 32),
(988990, 'L29645', 'WALKING TOUR TO RYVARDEN LIGHTHOUSE', 32),
(989027, 'L29645', 'HAUGESUND BIKE TOUR', 32),
(973200, 'CMS003', 'DISCOVER LOCRONAN', 32),
(973201, 'CMS003', 'MORLAIX & CHATEAU DE KERJEAN', 32),
(973202, 'CMS003', 'PANORAMIC BREST & MYTHICAL COAST', 32),
(973203, 'CMS003', 'GARDENS OF DAOULAS ABBEY & PLOUGAST', 32),
(973204, 'CMS003', 'CHARMING QUIMPER', 32),
(970634, 'L34781', 'SCENIC ELBA', 32),
(970635, 'L34781', 'PANORAMIC ELBA & WINE TASTING', 32),
(970636, 'L34781', 'NAPOLEON RESIDENCE & PORTO AZZURRO ', 32),
(970637, 'L34781', 'ELBA WITH CABLE CAR', 32),
(970638, 'L34781', 'BEACH TRANSFER', 32),
(970713, 'L34781', 'ELBA BIKE TOUR', 32),
(970254, '2845', 'TARRAGONA BIKE TOUR', 32),
(970662, '2845', 'SPORTING BARCELONA', 32),
(970663, '2845', 'BARCELONA TRANSFER', 32),
(970664, '2845', 'PORTAVENTURA', 32),
(970665, '2845', 'HIGHLIGHTS OF TARRAGONA', 32),
(970666, '2845', 'POBLET MONASTERY & MONTBLANC', 32),
(970667, '2845', 'TORRES CELLARS WINE TASTING', 32),
(970668, '2845', 'ALTAFULLA BEACH TRANSFER', 32),
(970669, '2845', 'REUS & CAMBRILS', 32),
(970654, 'L38041', 'ISLAND DRIVE', 32),
(970655, 'L38041', 'WALKING TOUR OF MINDELO', 32),
(970656, 'L38041', 'MINDELO CITY & CULTURAL CENTRE', 32),
(970657, 'L38041', 'CALHAU CRUZ DE EVOR & ISLAND DRIVE', 32),
(970658, 'L38041', 'SAO VICENTE LANDSCAPES & CULTURE', 32),
(970607, 'L38042', 'KAYAKING AT GUAYMORETO LAGOON', 32),
(970608, 'L38042', 'HISTORICAL TRUJILLO', 32),
(970609, 'L38042', 'HORSEBACK RIDING AT THE BEACH', 32),
(970610, 'L38042', 'STARFISH SNORKEL & BEACH FUN', 32),
(970611, 'L38042', 'RIO GRANDE WATERFALLS & SWIMMING', 32),
(971169, 'L38042', 'ATV JUNGLE ADVENTURE', 32),
(971170, 'L38042', 'A TASTE OF TRUJILLO', 32),
(971171, 'L38042', 'BEST OF TRUJILLO', 32),
(971172, 'L38042', 'CAMPO DEL MAR BEACH BREAK', 32),
(971173, 'L38042', 'CAMPO DEL MAR NATURE PARK & BEACH B', 32),
(971174, 'L38042', 'CAMPO DEL MAR NATURE PARK WALKING T', 32),
(971175, 'L38042', 'RAINFOREST CASCADES DISCOVERY', 32),
(971176, 'L38042', 'CATAMARAN SNORKEL & BEACH BREAK', 32),
(971177, 'L38042', 'FARM TO TABLE', 32),
(971178, 'L38042', 'TRUJILLO BY LAND & SEA', 32),
(970550, 'L38049', 'BERMUDA BIKE TOUR', 32),
(970551, 'L38049', 'BERMUDA HIGHLIGHTS AQUARIUM & CRYST', 32),
(970552, 'L38049', 'BERMUDA ISLAND DRIVE', 32),
(970553, 'L38049', 'BERMUDA SCUBA 2-TANK DIVE', 32),
(970554, 'L38049', 'DISCOVER SCUBA LESSON & BOAT DIVE', 32),
(970555, 'L38049', 'FAMOUS HOMES & HIDEAWAYS CRUISE', 32),
(970556, 'L38049', 'GLASS BOTTOM BOAT - SEA GARDENS & S', 32),
(970557, 'L38049', 'HAMILTON BIKE TOUR', 32),
(970558, 'L38049', 'SCENIC SOUTH SHORE HIGHLIGHTS', 32),
(970559, 'L38049', 'UNDERSEA NIGHTLIFE EVENING GLASS BO', 32),
(970560, 'L38049', 'WILD WEST KAYAK ADVENTURE', 32),
(971068, 'L38049', 'RAILWAY TRAIL BIKE & BEACH TOUR', 32),
(971069, 'L38049', 'DOCKYARD TROLLEY TRAIN TOUR', 32),
(971675, 'L39802', 'ANO SYROS & SCENIC DRIVE', 32),
(971676, 'L39802', 'SYROS HIGHLIGHTS', 32),
(971761, 'L39802', 'SYROS BIKE TOUR', 32),
(993894, '2636', 'SALONA & TROGIR', 32),
(993895, '2636', 'WALKING SPLIT', 32),
(993896, '2636', 'KRKA WATERFALLS', 32),
(994380, '2636', 'CROATIAN FLAVOURS', 32),
(995434, '2636', 'ISLAND OF BRAC', 32),
(996126, '2636', 'SPLIT BIKE TOUR', 32),
(989103, '2636', 'PANORAMIC SPLIT', 32),
(989104, '2636', 'GLASS OF WINE WITH THE PRIEST', 32),
(971746, '2636', 'DRAGONS DUNGEON', 32),
(970525, '2636', 'BEST OF SPLIT & ITS COUNTRYSIDE', 32),
(970526, '2636', 'DALMATIAN COAST & INLAND', 32),
(970527, '2636', 'KLIS FORTRESS & VRANJACA CAVE', 32),
(970528, '2636', 'MOUNTAIN VILLAGE EXPERIENCE', 32),
(970529, '2636', 'TASTE OF SPLIT', 32),
(971524, 'L42265', 'ABU DHABI CITY TOUR', 32),
(971525, 'L42265', 'INSIGHT INTO FALCONS', 32),
(971526, 'L42265', 'HIGH TEA AT EMIRATES PALACE', 32),
(971527, 'L42265', 'AL AIN TOUR', 32),
(971528, 'L42265', 'DUNE DRIVE', 32),
(971529, 'L42265', 'FERRARI WORLD THEME PARK', 32),
(972255, 'L42265', 'PANORAMIC CITY TOUR', 32),
(972256, 'L42265', 'PANORAMIC TOUR WITH DHOW CRUISE', 32),
(972257, 'L42265', 'MANGROVE KAYAKING', 32),
(972258, 'L42265', 'SPEEDBOAT TOUR OF ABU DHABI', 32),
(972259, 'L42265', 'RELAX ON THE BEACH', 32),
(972260, 'L42265', 'FORMULA 1 CIRCUIT TOUR - YAS MARINA', 32),
(971510, 'L42266', 'CLASSICAL DUBAI', 32),
(971511, 'L42266', 'CULTURE TOUR - SHARJAH', 32),
(971512, 'L42266', 'HEIGHTS & SIGHTS OF DUBAI', 32),
(971513, 'L42266', 'A TASTE OF MODERN DUBAI', 32),
(971514, 'L42266', 'BURJ AL ARAB AND BURJ KHALIFA - SKY', 32),
(971515, 'L42266', 'DHOW CRUISE DINNER', 32),
(971516, 'L42266', 'DUNE DINNER SAFARI', 32),
(972261, 'L42266', 'DUBAI DHOW CRUISE', 32),
(972262, 'L42266', 'SEAPLANE TOUR', 32),
(972263, 'L42266', 'DUNE DRIVE', 32),
(972264, 'L42266', 'AFTERNOON TEA - BURJ AL ARAB', 32),
(972265, 'L42266', 'DUBAI BY NIGHT', 32),
(971585, '2111', 'MYSTICAL MUSCAT', 32),
(971586, '2111', 'FASCINATING OMAN', 32),
(971587, '2111', 'SOUKS IN OMAN', 32),
(971588, '2111', 'DOLPHIN WATCHING', 32),
(971589, '2111', 'SOUK & DHOW', 32),
(971590, '2111', 'HIGH TEA AT AL BUSTAN PALACE', 32),
(971592, '2111', 'MUSCAT 4X4 JOURNEY', 32),
(971593, '2111', 'WAHIBA SANDS', 32),
(972251, '2111', 'BEACH TOUR', 32),
(972252, '2111', 'CATAMARAN TOUR', 32),
(972253, '2111', 'SPLENDOUR OF MUSCAT', 32),
(972254, '2111', 'PANORAMIC MUSCAT', 32),
(971597, 'L42262', 'SCENES OF KHASAB', 32),
(971598, 'L42262', 'NORWAY OF ARABIA DHOW CRUISE', 32),
(971599, 'L42262', 'MOUNTAIN SAFARI TO JEBEL HARIM', 32),
(972250, 'L42262', 'SNORKELLING TOUR', 32),
(973454, 'L44064', 'PANORAMIC NORTHERN GERMANY', 32),
(973455, 'L44064', 'BEAUTIFUL BREMEN', 32),
(973456, 'L44064', 'BREMEN AND BECKS', 32),
(973457, 'L44064', 'HAMBURGS TOP 10', 32),
(973310, 'L44068', 'ONE DAY IN SIENA', 32),
(973311, 'L44068', 'SIENA & CHARMING SAN GIMIGNANO', 32),
(973312, 'L44068', 'MAGIC & MYSTERIOUS', 32),
(973313, 'L44068', 'LEANING TOWER OF PISA', 32),
(973314, 'L44068', 'EASY PISA', 32),
(973315, 'L44068', 'INSIDE THE TOWER', 32),
(973316, 'L44068', 'PISA ON YOUR OWN', 32),
(973317, 'L44068', 'BOLGHERI & TASTING', 32),
(973318, 'L44068', 'STEP BACK INTO THE PAST', 32),
(973319, 'L44068', 'SAN GIMIGNANO AND FARMHOUSE', 32),
(973320, 'L44068', 'BEACH TRANSFER AT SAN VINCENZO', 32),
(973321, 'L44068', 'PANORAMIC ARGENTARIO AND PORTO ERCO', 32),
(973322, 'L44068', 'TARQUINIA AND THE GLORY OF THE ETRU', 32),
(973323, 'L44068', 'PETRA A WINE LOVERS PARADISE', 32),
(974641, 'L44068', 'SAN GIMIGNANO ON YOUR OWN', 32),
(973324, 'L44069', 'LANDMARKS OF TARANTO', 32),
(973325, 'L44069', 'TRULLI OF ALBEROBELLO', 32),
(973326, 'L44069', 'HISTORIC MARTINA FRANCA', 32),
(973327, 'L44069', 'ANCIENT CAVES OF MASSAFRA', 32),
(973328, 'L44069', 'LIDO GANDOLI - PUGLIAS TUCKED AWAY ', 32),
(973330, 'L44069', 'THE OLD TOWN OF OSTUNI', 32),
(973728, 'L44071', 'VIKINGS AND CANNONS', 32),
(973729, 'L44071', 'A VIKING HISTORY', 32),
(973730, 'L44071', 'HEMMESTAD WHARF', 32),
(973731, 'L44071', 'SAMI EXPERIENCE', 32),
(994287, '1181', 'SNUBA ADVENTURE & PIGEON ISLAND', 32),
(994293, '1181', 'LATILLE WATERFALL & HIKE', 32),
(994300, '1181', 'SNUBA ADVENTURE AND PIGEON ISLAND', 32),
(995826, '1181', 'SMUGGLERS COVE', 32),
(995827, '1181', 'SCENES OF ST LUCIA', 32),
(999037, '1181', 'ST LUCIA BIKE TOUR', 32),
(996165, '1181', 'TIME AT THE BEACH!', 32),
(987705, '1181', 'SEA TREK HELMET DIVING', 32),
(990484, '1181', 'TREETOP CANOPY ADVENTURE', 32),
(991828, '1181', 'WATERFALL & BIKE TOUR', 32),
(991866, '1181', 'PANORAMIC ST LUCIA', 32),
(991878, '1181', 'PITONS CRUISE', 32),
(991892, '1181', 'ERRAND ESTATE NATURE', 32),
(991893, '1181', 'TIME AT THE BEACH', 32),
(991902, '1181', 'CARIBBEAN PIRATES ADVENTURE', 32),
(988056, '1181', 'ART LOVERS LUCIAN EXPERIENCE', 32),
(988058, '1181', 'HORSE RIDING', 32),
(989105, '1181', 'HORSEBACK TRAIL AND BEACH RIDE', 32),
(989958, '1181', 'HERITAGE HIGHLIGHTS', 32),
(971476, '1181', 'JEEP AND BEACH', 32),
(971477, '1181', 'AERIAL TRAM', 32),
(996331, '1181', 'AMAZING OUR PLANET - AT YOUR LEISUR', 32),
(996351, '1181', 'LUCIAN STYLE SEGWAY', 32),
(970642, '1181', 'LUCIAN PIRATE FUN CRUISE', 32),
(971244, '1181', 'ULTIMATE LAND & SEA', 32),
(971245, '1181', 'GO KART THRILL & BEACH', 32),
(974763, '1181', 'ADMIRE THE PITONS', 32),
(974764, '1181', 'WHALE AND DOLPHIN WATCHING', 32),
(974766, '1181', 'SNORKEL AND SWIM AT PIGEON ISLAND', 32),
(974778, '1181', 'ST LUCIAS WEST COAST AND VOLCANO', 32),
(974691, 'L46050', 'CASA BACARDI DISTILLERY TOUR', 32),
(974692, 'L46050', 'SAN JUAN CITY TOUR', 32),
(974693, 'L46050', 'EL YUNQUE RAINFOREST DRIVE', 32),
(974694, 'L46050', 'EL YUNQUE RAINFOREST TOUR', 32),
(974695, 'L46050', 'PLAZA LAS AMERICAS SHOPPING TRANSFE', 32),
(974696, 'L46050', 'OLD SAN JUAN WALKING TOUR', 32),
(974697, 'L46050', 'THE FORTRESS TOUR', 32),
(974714, 'L46052', 'CEVICHE CLASS AND RIVER TOUR', 32),
(974715, 'L46052', 'GARIFUNA ART AND CULTURE IN LIVINGS', 32),
(974716, 'L46052', 'DULCE RIVER BY KAYAK', 32),
(974717, 'L46052', 'PAN-AMERICAN HIGHWAY BY BUS', 32),
(975116, 'L46052', 'QUIRIGUA NATURE PARK TOUR', 32),
(975117, 'L46052', 'SAN FELIPE FORTRESS & RIVER DULCE B', 32),
(975118, 'L46052', 'LAS ESCOBAS SPRINGS NATURE TRAIL', 32),
(975119, 'L46052', 'DAY AT A BEACHFRONT HOTEL', 32),
(975120, 'L46052', 'PUERTO BARRIOS AND SANTO TOMAS TOUR', 32),
(975121, 'L46052', 'BOAT TOUR TO THERMAL SPRINGS', 32),
(975192, 'L46052', 'GREEN COVE RAINFOREST HIKE', 32),
(975193, 'L46052', 'VISIT TO QUIRIGUA NATIONAL PARK', 32),
(975194, 'L46052', 'SAN FELIPE FORTRESS & RIVER DULCE T', 32),
(975195, 'L46052', 'QUIRIGUA NATIONAL PARK & SAN FELIPE', 32),
(974711, '2272', 'EXPERIENCED DIVER ADVENTURE', 32),
(974712, '2272', 'DISCOVER SCUBA SNORKELS AND SHIPWRE', 32),
(974713, '2272', 'PRIVATE DIVE TOUR', 32),
(974993, '2272', 'KON TIKI BOAT PARTY', 32),
(974994, '2272', 'SHIPWRECKS AND SNORKELS', 32),
(974995, '2272', 'ST JOHN CHAMPAGNE CATAMARAN', 32),
(974996, '2272', 'ST THOMAS PANORAMAS', 32),
(974997, '2272', 'SIGHTS SAND AND SUNLOUNGERS', 32),
(974998, '2272', 'KAYAK HIKE AND SNORKEL THE MANGROVE', 32),
(974999, '2272', 'SNORKEL TRUNK BAY', 32),
(975000, '2272', 'HIKE TO HONEYMOON BEACH', 32),
(975001, '2272', 'ST JOHNS BEST DAYS', 32),
(975002, '2272', 'EXPLORE ST JOHN SOLO', 32),
(975003, 'L48463', 'THE MIGHTY MEKONG DELTA', 32),
(975004, 'L48463', 'CAN GIO MANGROVE FOREST BY SPEEDBOA', 32),
(975005, 'L48463', 'SAIGON ON YOUR OWN', 32),
(975006, 'L48463', 'HISTORICAL HO CHI MINH CITY', 32),
(975007, 'L48463', 'HO CHI MINH CITY FROM THE SKY', 32),
(975008, 'L48463', 'HO CHI MINH CITY HIGHLIGHTS', 32),
(975009, 'L48463', 'A TASTE OF VIETNAM', 32),
(974978, 'L48467', 'SIHANOUKVILLE TUK TUK TOUR', 32),
(974979, 'L48467', 'HIGHLIGHTS OF SIHANOUKVILLE BY TUK ', 32),
(974980, 'L48467', 'HIGHLIGHTS OF SIHANOUKVILLE BY BUS', 32),
(974981, 'L48467', 'SIHANOUKVILLE GRAND TOUR', 32),
(974982, 'L48467', 'JOURNEY TO KAMPOT VILLAGE', 32),
(974787, 'L48483', 'HISTORIC MALACCA', 32),
(974788, 'L48483', 'MALACCA DUTCH TRAIL', 32),
(974789, 'L48483', 'SCENIC MALACCA BY ROAD AND RIVER', 32),
(974790, 'L48483', 'SHOPPING SHIPS AND SNACKS', 32),
(974791, 'L48483', 'CULTURAL SNAPSHOT', 32),
(974792, 'L48483', 'OLD AND NEW MALACCA', 32),
(975127, 'L48486', 'FLIGHT OF THE GIBBON', 32),
(975128, 'L48486', 'PATTAYA ON YOUR OWN', 32),
(975129, 'L48486', 'ANCIENT CITY EXPLORER', 32),
(975130, 'L48486', 'HIGHLIGHTS OF BANGKOK', 32),
(975131, 'L48486', 'THAI CLASSICAL DANCE SHOW AND NIGHT', 32),
(975132, 'L48486', 'DAY AT A BEACHFRONT HOTEL', 32),
(975133, 'L48486', 'BANGKOK ON YOUR OWN', 32),
(975134, 'L48486', 'TEMPLES AND THAI CUISINE', 32),
(975135, 'L48486', 'SLEEPLESS BANGKOK AND TUK TUK RIDE', 32),
(975136, 'L48486', 'ANCIENT AYUTTHAYA', 32),
(974848, 'L48488', 'KUALA LUMPUR HIGHLIGHTS', 32),
(974849, 'L48488', 'PETRONAS TOWERS AND TEMPLES', 32),
(974850, 'L48488', 'LANDMARKS OF KUALA LUMPUR', 32),
(974851, 'L48488', 'OLD AND NEW MALAYSIA', 32),
(974852, 'L48488', 'MAH MERI CULTURAL VILLAGE', 32),
(974853, 'L48488', 'BATU CAVES AND CITY SIGHTS', 32),
(974854, 'L48488', 'KUALA LUMPUR ON YOUR OWN', 32),
(974855, 'L48488', 'PETRONAS TOWERS SKYBRIDGE', 32),
(974856, 'L48488', 'GARDENS OF KUALA LUMPUR', 32),
(974857, 'L48488', 'PUTRAJAYA AND LAKE CRUISE', 32),
(993734, '1629', 'POMPEII', 32),
(993735, '1629', 'SORRENTO & POMPEII', 32),
(993736, '1629', 'SORRENTO & AMALFI', 32),
(993737, '1629', 'NAPOLI EXPRESS - SORRENTO & POMPEII', 32),
(993738, '1629', 'HERCULANEUM', 32),
(993739, '1629', 'NAPLES PANORAMIC TOUR', 32),
(993740, '1629', 'SORRENTO ON YOUR OWN', 32),
(993741, '1629', 'HIKE UP VESUVIUS', 32),
(993742, '1629', 'POMPEII & VESUVIUS', 32),
(993743, '1629', 'CAPRI', 32),
(993744, '1629', 'AMALFI DRIVE', 32),
(993928, '1629', 'OLD TIME TRAIN', 32),
(993929, '1629', 'AMALFI DRIVE SELECT', 32),
(994372, '1629', 'VESUVIUS MONSTER TRUCK ADVENTURE', 32),
(994373, '1629', 'POMPEII & VESUVIUS MONSTER TRUCK AD', 32),
(994374, '1629', 'ISCHIA ON YOUR OWN', 32),
(994375, '1629', 'MAGIC WORLD AQUA PARK', 32),
(995399, '1629', 'ISLAND OF ISCHIA & LA MORTELLA GARD', 32),
(996112, '1629', 'NAPLES BIKE TOUR', 32),
(983161, '1629', 'EXPLORE NAPLES & THE BOURBON TUNNEL', 32),
(988066, '1629', 'POMPEII & HERCULANEUM', 32),
(988067, '1629', 'POMPEII & AMALFI', 32),
(981874, '1629', 'DISCOVERY WALKS - SORRENTO', 32),
(981875, '1629', 'DISCOVERY WALKS - AMALFI', 32),
(981876, '1629', 'DISCOVERY WALKS - CAPRI', 32);

-- --------------------------------------------------------

--
-- Table structure for table `waiting_list`
--

CREATE TABLE `waiting_list` (
  `Waiting_Position` int(11) NOT NULL,
  `Username` varchar(25) NOT NULL,
  `Excursion_ID` varchar(25) DEFAULT NULL,
  `Number_of-Seat` int(11) NOT NULL,
  `Date` timestamp NOT NULL DEFAULT CURRENT_TIMESTAMP ON UPDATE CURRENT_TIMESTAMP,
  `Status` varchar(25) NOT NULL
) ENGINE=InnoDB DEFAULT CHARSET=latin1;

--
-- Indexes for dumped tables
--

--
-- Indexes for table `booking`
--
ALTER TABLE `booking`
  ADD PRIMARY KEY (`Booking_ID`);

--
-- Indexes for table `customers`
--
ALTER TABLE `customers`
  ADD PRIMARY KEY (`Username`),
  ADD UNIQUE KEY `Email` (`Email`);

--
-- Indexes for table `waiting_list`
--
ALTER TABLE `waiting_list`
  ADD PRIMARY KEY (`Waiting_Position`);

--
-- AUTO_INCREMENT for dumped tables
--

--
-- AUTO_INCREMENT for table `booking`
--
ALTER TABLE `booking`
  MODIFY `Booking_ID` int(11) NOT NULL AUTO_INCREMENT, AUTO_INCREMENT=24;

--
-- AUTO_INCREMENT for table `waiting_list`
--
ALTER TABLE `waiting_list`
  MODIFY `Waiting_Position` int(11) NOT NULL AUTO_INCREMENT;
COMMIT;

/*!40101 SET CHARACTER_SET_CLIENT=@OLD_CHARACTER_SET_CLIENT */;
/*!40101 SET CHARACTER_SET_RESULTS=@OLD_CHARACTER_SET_RESULTS */;
/*!40101 SET COLLATION_CONNECTION=@OLD_COLLATION_CONNECTION */;
